DATE,OPEN,HIGH,LOW,CLOSE,VOLUME
1/4/2011,485.72,487.83,481.66,485.97,27702590
1/5/2011,487.94,487.94,481.91,481.91,31937170
1/6/2011,480.86,483.16,479.87,482.31,27623660
1/7/2011,482.77,483.86,481.35,481.86,27898990
1/10/2011,483.71,485.06,479.58,480.55,31913610
1/11/2011,477.97,480.79,475.48,477.44,33672520
1/12/2011,480.82,481.65,477.49,478.45,25963280
1/13/2011,479.95,485.02,479.6,484.12,24707820
1/14/2011,487.06,490.11,486.54,489.22,35655170
1/17/2011,492.89,498.49,492.37,495.16,38761030
1/18/2011,497.05,501.28,496,497.43,36081550
1/19/2011,504.93,507.89,503.1,505.91,37752610
1/20/2011,510.17,514.05,510.17,511.98,34788830
1/21/2011,518.32,521.22,518.24,519.5,42553960
1/24/2011,525.7,525.7,509.88,509.88,33580000
1/25/2011,504.06,506.12,501.87,501.97,31591460
1/26/2011,498.24,502.02,498.24,501.25,18693150
1/27/2011,501.25,503.43,498.11,502.68,25261730
1/28/2011,502.77,511.91,502.75,510.6,34784690
2/8/2011,515.7,521.49,515.64,520.69,23807620
2/9/2011,528.69,529.2,522.49,522.59,30722510
2/10/2011,523.25,526.57,519.51,520.23,29888370
2/11/2011,522.79,522.79,516.4,519.98,32345520
2/14/2011,520.73,522.37,514.05,514.05,32986530
2/15/2011,509.28,517.98,509.28,517.87,32068120
2/16/2011,519.55,519.7,513.11,513.11,27859030
2/17/2011,510.69,511.04,505.5,509.83,33492100
2/18/2011,509.1,510.75,502.55,503.92,35958100
2/21/2011,497.71,497.71,481.86,483.68,47516090
2/22/2011,467.4,471.68,467.4,470.02,48651700
2/23/2011,468.97,474.02,466.88,470.67,34351200
2/24/2011,462.43,462.87,455.74,461.29,39985780
2/25/2011,460.57,467.97,457.96,466.96,24623090
2/28/2011,467.12,474.22,461.37,461.37,29478850
3/1/2011,458.21,466.12,458.14,466.12,20498410
3/2/2011,464.27,466.26,453.33,457.83,44009210
3/3/2011,449.78,457.13,449.78,452.34,28284590
3/4/2011,454.73,459.23,452.61,459.23,25978170
3/7/2011,465.21,468.22,464.44,468.22,21215060
3/8/2011,471.78,477.52,471.78,475.38,24083640
3/9/2011,474.8,475.19,466.72,470.51,25573120
3/10/2011,467.54,482.54,467.54,482.49,33266730
3/11/2011,490.13,496.22,490.13,495.06,38503770
3/14/2011,491.95,493.2,479.9,479.9,42018980
3/15/2011,470.47,476.3,468.2,468.74,30728400
3/16/2011,467.17,470.64,461.57,463.58,28554040
3/17/2011,461.48,468.28,457.01,460.53,32161500
3/18/2011,459.4,461.88,454.73,461.08,45518990
3/21/2011,467.17,469.52,464.78,468.25,35968290
3/22/2011,470.22,470.98,464.8,464.8,31891240
3/23/2011,464,467.96,463.96,467.64,27018860
3/24/2011,465.12,468.59,461.32,461.32,25184420
3/25/2011,461.21,462.67,457.66,457.74,24991060
3/28/2011,458.35,463.37,456.74,459.52,20391140
3/29/2011,460.68,462.31,456.02,457.88,27935590
3/30/2011,454.33,460.1,454.31,460.04,24372760
3/31/2011,462.27,465.31,460.74,461.13,21014340
4/1/2011,460.8,463.11,458.55,459.17,19989320
4/4/2011,460.8,460.65,457.25,457.25,19221130
4/5/2011,460.8,459.1,454.86,457.2,17405740
4/6/2011,458.51,464.94,458.05,464.94,23335120
4/7/2011,464.72,465.85,462,463.49,22006610
4/8/2011,462.51,464.53,462.19,464.29,17885380
4/13/2011,464.21,464.74,461.01,461.01,15659150
4/14/2011,459.87,462.34,459.87,460.63,18691580
4/15/2011,462.17,463.5,460.9,460.96,22262560
4/18/2011,458.39,459.16,454.79,455.46,22418490
4/19/2011,453.59,457.63,453.54,453.74,16524710
4/20/2011,454.57,458.5,454.29,458.5,16546430
4/21/2011,458.38,462.74,458.26,460.3,17006300
4/22/2011,460.89,462.44,454.01,456.45,21266860
4/25/2011,458.99,467.01,458.99,465.62,21079130
4/26/2011,463.77,468.12,461.54,461.86,19647320
4/27/2011,465.98,469.32,463.68,469.32,19567290
4/28/2011,472.17,474.65,472.17,472.93,16856600
4/29/2011,477.43,481.13,477.07,480.08,18604900
5/4/2011,483.3,488.02,482.62,486.58,16159210
5/5/2011,485.96,486.99,476.48,479.29,16288750
5/6/2011,472.52,473.63,470.13,472.71,14997140
5/9/2011,469.01,477.47,467.77,477.47,16398710
5/10/2011,479.01,481.69,478.58,481.29,14589400
5/11/2011,479.07,483.74,479.06,483.15,15499200
5/12/2011,483.1,484.74,480.13,482.14,14798160
5/13/2011,482.01,482.51,478.58,479.67,16906020
5/16/2011,482.01,481.51,471.49,471.49,18741240
5/17/2011,471.49,474.57,464.35,464.35,20824430
5/18/2011,457.92,459.19,451.49,454.91,25478660
5/19/2011,450.92,456.47,444.85,444.85,20677330
5/20/2011,439.95,444.85,432.24,432.87,24896000
5/23/2011,429.74,430.54,416.14,417.82,28805780
5/24/2011,407.13,407.61,402.07,402.59,32695470
5/25/2011,388.64,389.9,385.72,386.36,28819230
5/26/2011,386.36,398.04,371.03,398.04,41625890
5/27/2011,406.75,410.82,405.78,410.82,26609500
5/30/2011,417.07,417.35,412,412.1,24198710
5/31/2011,414.98,421.37,414.88,421.37,19763890
6/1/2011,422.98,435.69,420.88,435.69,28167240
6/2/2011,446.66,450.59,445.98,450.59,31454970
6/3/2011,461.93,461.93,436.5,443.41,44203980
6/6/2011,434.97,436.91,430.15,433.81,18826220
6/7/2011,443.11,448.4,441.4,443.68,29655170
6/8/2011,445.43,446.99,436.15,439.57,32255700
6/9/2011,439.82,444.13,437.87,443.95,26247260
6/10/2011,446.54,451.81,445,445,38338750
6/13/2011,443.49,446.12,442.02,442.69,33418190
6/14/2011,441.09,452.55,440.57,441.54,55335130
6/15/2011,442.85,443.41,436.24,441.45,40589410
6/16/2011,439.58,445.66,438.51,445.17,31584930
6/17/2011,445.88,446.98,438.64,438.93,45206070
6/20/2011,438.13,440.17,431.59,431.63,32334480
6/21/2011,432.81,442.74,432.81,442.74,24798840
6/22/2011,444.28,445.49,439.29,439.63,21760520
6/23/2011,436.85,440.51,434.4,434.75,17521100
6/24/2011,436.17,436.2,432.79,433.4,17481110
6/27/2011,436.95,438.53,433.62,434.25,17300580
6/28/2011,434.05,435.86,430.91,432.31,19028520
6/29/2011,433.07,434.92,430.91,434.6,17262650
6/30/2011,435.21,435.63,432.17,432.54,16742520
7/1/2011,429.91,430.04,424.26,425.29,21792360
7/4/2011,425.04,426.17,423.39,425.42,15307620
7/5/2011,427.54,434.07,427.54,431.03,19330750
7/6/2011,432.15,432.8,428.21,428.3,13494500
7/7/2011,426.64,431.03,426.53,429.99,14604310
7/8/2011,428.81,431.35,428.75,430.32,15893240
7/11/2011,429.41,429.63,425.08,425.09,15228610
7/12/2011,422.13,423.93,416.94,417.25,18044190
7/13/2011,422.17,422.69,417.64,418.18,17240390
7/14/2011,418.07,419.58,414.27,418.93,15529830
7/15/2011,419.82,419.82,412.52,414.74,16688420
7/18/2011,412.9,415.77,411.22,415.77,15462900
7/19/2011,414.4,415.43,409.16,410.12,12951780
7/20/2011,410.2,416.77,410.2,416.77,16317620
7/21/2011,416.24,417.06,412.21,413.06,15390680
7/22/2011,412.97,412.97,408.96,409.2,12651350
7/25/2011,409.11,410.38,407.58,409.36,10512550
7/26/2011,408.93,410.79,407.31,409.39,14611410
7/27/2011,409.54,409.81,406.45,409.4,13990820
7/28/2011,409.18,411.36,408.18,408.39,14589930
7/29/2011,407.58,409.04,402.2,405.7,15606540
8/1/2011,404.84,404.91,400.49,401.95,15921840
8/2/2011,398.92,400.11,396.23,396.55,19056510
8/3/2011,393.6,394.15,388.79,391.47,21451520
8/4/2011,392.93,398.74,392.92,396.05,22740560
8/5/2011,394.89,401.01,394.83,400.88,19998550
8/8/2011,399.24,400.69,395.14,396.41,19929670
8/9/2011,388.78,388.82,385.76,387.7,31784690
8/10/2011,388.61,390.88,385.33,385.96,19474270
8/11/2011,380.97,384.44,379.84,384.44,15699460
8/12/2011,385.16,387.13,383.58,383.92,13694020
8/15/2011,384.47,384.97,383.37,384.32,12784520
8/16/2011,383.96,388.58,383.66,386.48,13602570
8/17/2011,387.65,393.46,387.65,393.46,21505730
8/18/2011,398.21,402.89,397.7,402.89,27398650
8/19/2011,399.98,400.76,396.2,400.76,21476780
8/22/2011,401.87,406.75,401.87,406.03,27931820
8/23/2011,405.19,405.19,401.23,401.28,25500990
8/24/2011,403.21,406.29,396.68,396.68,25328760
8/25/2011,398.46,402.19,397.93,401.65,22937350
8/26/2011,403.21,405.96,402.81,404.41,23144300
8/29/2011,405.89,413.37,405.26,413.37,32266490
8/30/2011,421.81,423.01,416.84,419.26,39535740
8/31/2011,421.45,426.29,417.79,424.71,40624520
9/1/2011,429.49,435.29,429.31,435.29,47176370
9/5/2011,438.35,439.82,432.07,435.73,49711930
9/6/2011,434.02,437.58,430.82,436.16,37092010
9/7/2011,444.4,445.72,440.44,443.99,41854450
9/8/2011,450.4,457.41,449.97,453.26,55809690
9/9/2011,452.94,460.17,452.33,459.92,42499540
9/12/2011,461.14,465.41,460.49,462.93,45092230
9/13/2011,469.5,471.07,466.69,469.4,62235100
9/14/2011,469.33,475.45,466.99,466.99,73282634
9/15/2011,462.72,470.9,461.31,470.67,56292580
9/16/2011,470.87,473.56,457.11,457.11,51789700
9/19/2011,450.21,461.68,449.5,461.68,37011670
9/20/2011,459.32,459.32,454.17,454.37,38785810
9/21/2011,451.99,454.48,446.65,447.57,37266820
9/22/2011,443.3,449.3,441.67,449.26,36814710
9/23/2011,439.61,442.14,438.58,440.3,32491970
9/26/2011,436.63,444.4,431.78,434.43,27404550
9/27/2011,434.02,440.95,431.86,437.47,30068540
9/28/2011,441.53,442.53,433.97,433.97,32160640
9/29/2011,431.8,433.38,425.02,428.08,56543580
9/30/2011,426.13,433.09,424.64,427.6,29289990
10/3/2011,426.43,428.28,422.12,422.12,26605920
10/4/2011,417.46,420.46,415.35,418.18,27141370
10/5/2011,420.74,422.71,415.85,417.21,34989030
10/6/2011,417.94,423.08,417.94,421.32,30463810
10/7/2011,423.46,423.74,417.96,417.96,27044370
10/10/2011,416.77,421.52,415.73,419.66,20138130
10/11/2011,421,421.29,417.35,417.73,23093700
10/12/2011,414.41,415.37,409.3,410.91,32519160
10/13/2011,411.17,413.71,407.61,412.59,24413930
10/14/2011,413.12,415.62,413.09,414.49,19965800
10/17/2011,415.52,415.52,410.33,410.84,20921590
10/18/2011,407.44,408.11,404.32,404.32,21473490
10/19/2011,404.32,407.02,399.08,401.15,19786910
10/20/2011,402.86,404.85,401.62,403.73,13655790
10/21/2011,405.44,411.79,405.44,411.03,22498990
10/24/2011,415.9,418.34,414.46,414.46,19773030
10/25/2011,416.06,417.07,409.38,409.38,17956640
10/26/2011,410.42,413.66,410.35,412.1,18505100
10/27/2011,414.63,415.59,412.79,414.75,18063250
10/28/2011,418.83,422.45,415.52,422.07,36267381
10/31/2011,426.89,428.86,420.81,420.81,35210550
11/1/2011,418.77,419.16,412.6,413.82,27176620
11/2/2011,410.02,412.06,407.07,407.79,24418500
11/3/2011,408.18,410.48,405.72,408.44,21944380
11/4/2011,411.22,412.79,410.37,410.57,21569560
11/7/2011,409.78,413.94,408.66,410.52,25581440
11/8/2011,408.36,409.76,405.17,408.6,21847320
11/9/2011,409.19,410.21,404.18,405.19,17097170
11/10/2011,402.47,402.47,399.29,401.03,20710210
11/11/2011,399.67,403.4,396.3,396.3,21875250
11/14/2011,397.52,397.7,389.04,391.74,27130240
11/15/2011,391.63,393.46,386.47,387.87,26963620
11/16/2011,389.25,392.98,388.51,390.89,25943180
11/17/2011,390.91,392.23,385.86,385.86,21918840
11/18/2011,383.14,383.45,377.46,379.62,27391450
11/21/2011,380.4,382.71,377.92,379.14,18436530
11/22/2011,377.46,382.62,375.93,381.76,22470270
11/23/2011,385.15,388.57,384.84,388.57,21175900
11/24/2011,387.26,389.29,381.78,381.78,19813362
11/25/2011,381.78,383.74,379.38,383.35,17112220
11/28/2011,386.04,388.98,383.05,383.31,23924210
11/29/2011,385.78,386.55,382.9,382.9,17443900
11/30/2011,381.88,382.62,378.78,380.69,21187010
12/1/2011,380.47,382.87,377.03,380.1,17643450
12/2/2011,380.92,383.88,380.36,383.88,19808870
12/5/2011,385.82,391.71,385.82,391.19,31626940
12/6/2011,393.92,396.29,390.2,390.2,33816160
12/7/2011,389.15,389.69,386.71,387.21,25848200
12/8/2011,387.02,388.35,381.63,381.63,24726570
12/9/2011,381.28,382.13,375.67,377.16,26815380
12/12/2011,376.97,378.82,373.89,375.3,25025490
12/13/2011,374.11,377.17,371.75,371.75,24121800
12/14/2011,371.75,374.42,366.64,367.55,32579780
12/15/2011,364.14,365.09,360.16,364.48,33685980
12/16/2011,364.37,369.65,363.8,366.03,31830080
12/19/2011,365.71,367.95,364.73,367.4,20977830
12/20/2011,365.5,369.09,363.22,365.67,21369910
12/21/2011,368,369.48,366.96,367.72,23306380
12/22/2011,366.68,366.78,359.12,360.37,31386790
12/23/2011,352.48,356.97,352.21,356.21,21736880
12/26/2011,356.15,356.15,349.7,352.68,19421120
12/27/2011,348.42,348.83,346.48,347.8,26464690
12/28/2011,347.59,351.34,347.17,350.66,26615560
12/29/2011,349.06,350.51,347.39,350.51,21775300
12/30/2011,351.83,352.46,348.3,351.55,26441080
1/3/2012,351.37,354.02,349.31,350,13737030
1/4/2012,349.22,349.92,348.24,348.84,19643360
1/5/2012,346.42,347.13,340.94,340.94,17221570
1/6/2012,340.19,340.19,336.49,336.73,19779270
1/9/2012,334.93,339.32,332.28,339.32,19198950
1/10/2012,336.84,345.25,336.84,344.68,24725890
1/11/2012,347.98,349.45,346.71,347.43,20793880
1/12/2012,347.78,349.44,347.22,348.11,18662540
1/13/2012,349.31,354.33,349.31,354.33,16398250
1/16/2012,356.77,360.08,355.97,357.87,20302930
1/17/2012,357.52,363.5,357.1,358.86,16112970
1/18/2012,360.81,363.3,360.47,362.66,13022720
1/19/2012,363.15,373.43,363.04,373.43,19593160
1/20/2012,378.07,378.07,373,373,20282210
1/30/2012,375.1,384.94,373.1,384.94,18491240
1/31/2012,390.43,393.92,387.97,387.97,37141730
2/1/2012,388.7,390.67,383.05,390.67,30800590
2/2/2012,393.89,401.61,393.82,401.61,39209510
2/3/2012,408.95,411.38,401.74,401.74,55293290
2/6/2012,402.36,402.38,394.91,399.73,28639550
2/7/2012,400.43,402.5,396.02,401.08,32063940
2/8/2012,403.74,409.74,401.51,409.53,41644860
2/9/2012,412.98,414.6,409.18,411.39,41021360
2/10/2012,410.11,410.11,403.49,405.02,45896610
2/13/2012,402.37,402.37,395.54,395.54,28103480
2/14/2012,391.08,400.26,391.08,400.26,28107570
2/15/2012,398.61,400.66,394.38,397.41,29091950
2/16/2012,395.2,398.44,393.66,396.51,31249860
2/17/2012,397.98,403.3,397.98,403.3,29820360
2/20/2012,409.83,414.5,408.98,413.98,42285070
2/21/2012,421.81,422.19,410.32,410.91,56654590
2/22/2012,410.63,418.41,410.63,418.41,47041290
2/23/2012,419.49,423.89,416.45,423.89,60216010
2/24/2012,427.1,429.42,423.43,423.43,68664710
2/27/2012,426.03,430.75,425.66,428.41,61428800
2/28/2012,429.26,431.11,421.65,422.22,84449500
2/29/2012,420.02,423.64,418.01,423.64,69107950
3/1/2012,426.48,427.95,422.65,427.95,58982220
3/2/2012,432.32,439.6,431.79,439.6,74979590
3/5/2012,448.66,459.8,448.66,457.21,65544530
3/6/2012,465.63,468.15,444.99,445,143229740
3/7/2012,442.74,444.25,433.69,444.02,97945750
3/8/2012,436.44,443.5,431.66,431.66,83407280
3/9/2012,429.2,435.27,424.43,432.11,71638930
3/12/2012,429.83,432.61,423.43,428.02,68630700
3/13/2012,429.73,433.66,427.76,429.39,58475180
3/14/2012,435.73,437.23,429.22,433.86,59926960
3/15/2012,433.47,442.55,430.39,441.85,88589620
3/16/2012,449.66,450.32,438.52,438.52,105559940
3/19/2012,449.66,440.92,437.45,438.07,51449420
3/20/2012,435.2,441.73,435.2,440.29,56227500
3/21/2012,443.43,450.25,443.13,445.77,95897770
3/22/2012,442.77,448.92,442.44,445.67,76082270
3/23/2012,448.93,455.16,448.85,454.1,85360500
3/26/2012,458.21,459.26,451.46,459.26,89726030
3/27/2012,457.55,457.55,445.92,445.92,115772320
3/28/2012,443.2,447.14,437.05,446.32,76397450
3/29/2012,449.01,449.01,439.47,439.63,71130040
3/30/2012,442.57,443.74,437.62,441.03,61661900
4/3/2012,440.95,446.14,440.23,445.77,54047250
4/4/2012,446.02,447.02,439.27,439.77,48957860
4/5/2012,439,445.8,436.67,444.93,55823460
4/6/2012,447.08,450.23,445.87,447.44,69734180
4/9/2012,450.55,452.06,448.17,450.73,63077480
4/10/2012,451.01,455.86,448.91,450.85,80453480
4/11/2012,457.56,458.74,452.69,458.74,88529490
4/12/2012,462.22,468.14,460.79,465.26,97343440
4/13/2012,467.48,468.38,462.52,462.52,118550280
4/16/2012,465.06,470.73,461.76,468.26,81922480
4/17/2012,471.54,474.92,467.58,472.84,95743250
4/18/2012,475.1,478.87,471.36,472.16,119699530
4/19/2012,470.81,473.31,465.29,467.08,119923140
4/20/2012,467.08,470.5,462.91,465.72,82431400
4/23/2012,466.8,469.2,464.61,465.17,60229240
4/24/2012,465.67,466.23,460.6,465.65,69115350
4/25/2012,471.39,473.22,468.89,472.87,83805110
4/26/2012,472.82,475.44,470.21,470.21,89707640
4/27/2012,473.43,475.22,470.43,473.77,80076110
5/2/2012,476.02,478.44,471.07,472.46,114884980
5/3/2012,470.54,473.07,465,468.8,100543120
5/4/2012,470.53,477.72,470.53,476.32,97867600
5/7/2012,481.95,486.31,481.05,486.31,92055910
5/8/2012,488.6,492.44,486.25,488.07,126988850
5/9/2012,488.19,490.49,485.33,487.62,109813000
5/10/2012,490.03,491.35,482.68,486.07,124599030
5/11/2012,487.68,488.13,479.87,480.1,110416050
5/14/2012,477.73,483.15,469.69,469.69,88313720
5/15/2012,462.97,467.63,455.47,455.65,91695260
5/16/2012,455.75,458.57,446.38,449.91,83065900
5/17/2012,449.77,453.72,442.58,442.58,69652870
5/18/2012,439.69,440.24,430.29,434.95,76373980
5/21/2012,438.53,448.19,437.72,448.02,63857990
5/22/2012,451.32,453.7,446.84,447.94,60518060
5/23/2012,443.6,446.2,436.75,436.75,56528440
5/24/2012,431.39,435.59,425.65,426.92,52125440
5/25/2012,432.62,438.42,431.01,437.38,57164750
5/28/2012,443.24,443.24,433.42,435.48,64208990
5/29/2012,431.75,432.91,429.11,431.44,45872090
5/30/2012,433.29,437.31,432.39,435.34,43279360
5/31/2012,431.84,433.94,428.52,429.2,45434610
6/1/2012,430.75,432.27,427.98,428.8,40392570
6/4/2012,426.91,427.58,416.65,416.65,62960500
6/5/2012,413.96,421.02,413.58,421.02,44526700
6/6/2012,421.09,427.17,420.81,426.39,43022010
6/7/2012,431.14,436.68,428.61,434.41,63449670
6/8/2012,439.02,441.46,432.9,432.9,80032950
6/11/2012,432.15,435.86,430.28,432.5,53036630
6/12/2012,432.89,432.89,428.04,428.16,51528352
6/13/2012,429.73,429.73,424.86,427.61,45700390
6/14/2012,425.74,428.59,424.05,425.28,42057240
6/15/2012,425.62,433.09,425.62,433.09,69270580
6/18/2012,436.89,439.29,433.75,435.59,56097120
6/19/2012,434.04,435.11,430.23,431.08,38876360
6/20/2012,431.8,434.16,429.2,432.89,29000090
6/21/2012,432.27,433.49,430.83,431.14,37060530
6/22/2012,429.95,430.19,426.5,427.17,48829270
6/25/2012,429.95,429.81,422.95,424.12,46964430
6/26/2012,421.17,421.76,417.92,419.19,45757250
6/27/2012,419.78,422.17,418,418.04,38165550
6/28/2012,418.74,418.78,415.34,418.16,34918150
6/29/2012,420.76,422.37,418.49,422.37,28907980
7/2/2012,420.76,424.95,418.18,419.3,29566340
7/3/2012,416.47,417.21,411.86,413.09,39604310
7/4/2012,413.41,416.03,410.73,410.73,26185920
7/5/2012,410.85,413.83,408.43,413.83,28260180
7/6/2012,414.01,417.97,413.53,415.44,35761520
7/9/2012,413.59,414.39,407.51,408.12,28468730
7/10/2012,406.4,409.86,405.39,405.39,23787430
7/11/2012,405.29,408.21,405.07,407.28,19661440
7/12/2012,406.5,409.7,406.18,408.72,24196650
7/13/2012,409.85,416.98,409.85,416.98,52081490
7/16/2012,417.54,418.78,413.28,413.98,39131160
7/17/2012,411.72,418.5,411.72,417.55,35729970
7/18/2012,418.19,419.91,416.1,418.83,37431400
7/19/2012,417.77,428.38,417.77,428.38,72870070
7/20/2012,432.1,430.63,424.47,424.47,66737560
7/23/2012,423.31,426.13,421.42,421.99,46579310
7/24/2012,420.19,420.62,414.6,415.63,41476390
7/25/2012,412.94,415.71,412.56,412.91,39084070
7/26/2012,413.78,416.63,412.89,414.8,29726580
7/27/2012,416.43,417.68,412.47,413.16,34240000
7/30/2012,410.57,415.31,410.08,415,23591670
7/31/2012,415.7,416.57,414.19,414.48,20631280
8/1/2012,413.73,413.99,410.54,412.55,25901500
8/2/2012,414.23,417.96,414.23,416.1,18712110
8/3/2012,417.63,419.26,417.09,418.21,21684750
8/6/2012,419.29,423.77,419.29,423.16,39532210
8/7/2012,423.72,425.46,422.44,422.5,29412940
8/8/2012,422.74,424.52,421.31,423.57,22369090
8/9/2012,424.43,428.21,424.43,426.98,37482300
8/10/2012,427.49,427.93,425.06,425.56,31538750
8/13/2012,423.79,426.38,423.44,426.17,23477000
8/14/2012,425.79,430.89,425.79,429.47,44659470
8/15/2012,429.96,432.44,429.96,430.77,31649990
8/16/2012,431.58,433.63,429.43,430.83,24219370
8/17/2012,431.42,434.72,430.83,433.45,32943250
8/20/2012,435.33,437.61,434.92,437.28,32299370
8/21/2012,430.79,430.79,416.23,416.84,61664400
8/22/2012,404.22,413.42,404.17,410.23,67225530
8/23/2012,400.03,400.07,391.54,392.82,37075710
8/24/2012,379.45,402.22,378.17,399.72,88370910
8/27/2012,395.37,395.61,385.05,386.19,39922570
8/28/2012,381.06,386.05,379.61,385.78,41225681
8/29/2012,389.85,394.04,389.85,393.06,35740700
8/30/2012,394.9,399.44,393.37,397.25,35280940
8/31/2012,396.88,398.19,394.29,396.02,26853510
9/4/2012,397.37,403.25,397.37,402.08,22576320
9/5/2012,402.56,404.87,396.31,398.92,38133340
9/6/2012,396.41,398.77,393.41,393.41,27130310
9/7/2012,395.25,397.51,392.56,397.51,29332820
9/10/2012,395.72,396.27,386.19,388.88,40663290
9/11/2012,383.87,388.02,383.87,386.62,33882860
9/12/2012,387.03,390.3,387.03,388.35,29879350
9/13/2012,388.55,391.36,387.68,391.36,28938490
9/14/2012,398.13,400.09,395.14,398.87,42312440
9/17/2012,400.55,405.27,400.07,401.75,30647860
9/18/2012,403.48,405.05,392.98,394.51,39909580
9/19/2012,391.05,396.17,390.89,394.55,37098740
9/20/2012,393.05,393.42,385.9,389.28,41727780
9/21/2012,391,395.55,391,395.48,49705410
9/24/2012,392.16,394.54,390.08,390.37,23023940
9/25/2012,391.17,394.06,390.14,391.77,20374330
9/26/2012,392.51,397.86,392.51,395.12,22135450
9/27/2012,395.66,396.67,391.34,393.34,23303850
9/28/2012,392.11,393.91,390.99,392.57,21087270
10/1/2012,391.74,391.86,386.42,386.55,27156800
10/2/2012,386.78,387.62,384.2,384.32,25540110
10/3/2012,385.61,387.6,383.07,385.37,26431310
10/4/2012,385.68,386.66,383.62,384.51,20410900
10/5/2012,384.78,388.16,384.65,388.16,23961840
10/8/2012,387.83,393.45,387.83,393.45,32959790
10/9/2012,394.36,394.87,392.26,393.67,33817860
10/10/2012,392.38,394.66,391.75,394.66,36353960
10/11/2012,395.32,397.55,393.87,394.19,40188670
10/12/2012,394.17,395.01,392.26,392.54,40913060
10/15/2012,392.88,394.19,390.72,391.56,35599600
10/16/2012,392.6,399.22,392.6,399.22,38610190
10/17/2012,399.22,400.97,395.91,397.02,34001760
10/18/2012,395.94,399.55,395.94,398.51,33648950
10/19/2012,399.52,400.46,394.98,398.23,48971260
10/22/2012,397.77,398.34,394.69,397,29878260
10/23/2012,397.27,399.22,395.89,397.71,24240560
10/24/2012,397.69,398.43,395.24,395.45,23435510
10/25/2012,393.79,394.54,389.92,389.92,29179710
10/26/2012,390.05,393.13,389.5,391.7,20270490
10/29/2012,390.96,392.6,390.63,391.36,17333440
10/30/2012,391.13,392.17,389.64,389.86,19925250
10/31/2012,388.5,390.05,387.39,388.42,19971150
11/1/2012,388.1,389.74,387.95,387.95,23091350
11/2/2012,378.74,380.33,374.98,375.26,51024090
11/5/2012,372.39,378.45,372.39,377.27,27392320
11/6/2012,377.27,379.05,375.12,376.95,21859910
11/7/2012,377.83,381.22,375.75,380.9,27064820
11/8/2012,380.32,385.6,380.13,385.6,20853300
11/9/2012,385.61,386.79,383.72,386.71,23169930
11/12/2012,386.71,388.94,385.66,388.62,32872920
11/13/2012,387.52,388.43,385.15,385.22,27887200
11/14/2012,384.74,389.4,384.61,387.71,22054410
11/15/2012,389.84,390.65,386.6,386.91,24204300
11/16/2012,385.83,386.25,383.16,385.71,18280560
11/19/2012,384.83,386.22,382.42,383.32,18508160
11/20/2012,383.23,385.37,381.84,385.1,20945930
11/21/2012,385.18,385.8,382.72,383.87,19043880
11/22/2012,383.44,384.1,382.57,383.22,14762810
11/23/2012,383.22,384.25,381.14,381.71,18588540
11/26/2012,382.43,382.62,377.82,377.9,19424070
11/27/2012,377.77,378.62,376.08,376.89,14100000
11/28/2012,376.13,377.32,374.15,375.79,16468860
11/29/2012,377.45,378.62,376.93,378.2,14745550
11/30/2012,380.01,380.18,377.52,377.82,16525680
12/3/2012,377.94,379.27,375.78,379.27,17188480
12/4/2012,379.02,382.1,377.89,382.1,23715390
12/5/2012,382.1,387.05,382.1,385.69,35839740
12/6/2012,385.59,386.62,384.53,385.69,26784560
12/7/2012,386.44,386.6,383.8,383.8,26109500
12/10/2012,384.84,387.67,383.53,386.69,38296950
12/11/2012,386.25,389.37,385.81,389.37,35197200
12/12/2012,388.41,393.13,386.46,391.08,45925850
12/13/2012,393.04,393.81,390.57,391.19,41652240
12/14/2012,392.23,394.61,392.05,392.21,35228470
12/17/2012,391.37,395.3,391.31,393.63,44543430
12/18/2012,396.21,396.45,392.34,393.39,44355940
12/19/2012,395.84,398.59,395.34,398.59,64520540
12/20/2012,399.13,400.71,397.86,399.68,61282060
12/21/2012,397.49,400.27,394.27,396.78,61459550
12/24/2012,397.25,400.22,396.57,399.71,37347230
12/25/2012,401.01,401.72,398.09,401.34,43120810
12/26/2012,399.43,406.1,398.31,406.1,52980150
12/27/2012,408.32,410.68,406.58,409.97,69702680
12/28/2012,409.49,413.73,408.32,413.73,54265930
1/2/2013,415.5,419.05,414.41,418.35,60311180
1/3/2013,420.68,420.68,413.68,419.27,96108870
1/4/2013,418.75,426.48,417.5,426.06,63364690
1/7/2013,428.53,434.64,426.86,434.19,75004280
1/8/2013,437.25,447.16,437.15,447.16,81496290
1/9/2013,452.63,457.75,442.26,448.77,131421730
1/10/2013,447.99,460.12,444.08,460.12,69049730
1/11/2013,468.39,469.16,461.74,462.69,71736170
1/14/2013,458.08,462.08,455.51,458.97,66848260
1/15/2013,459.24,461.42,455.93,461.42,85189720
1/16/2013,462.17,470.34,462.17,465.25,93433920
1/17/2013,465.66,466.55,456.76,456.76,93851780
1/18/2013,458.21,459.82,450.28,454.16,80290320
1/21/2013,453.91,456.34,447.79,447.79,52791190
1/22/2013,449.01,450.8,441.24,442.85,65159100
1/23/2013,443.96,447.79,440.48,443.37,47105470
1/24/2013,444.34,452.4,444.19,452.4,46685140
1/25/2013,455.28,468.09,455.25,468.09,80711500
1/28/2013,474.27,485.67,474.27,479.6,103940640
1/29/2013,478.02,484.34,476.33,484.01,83689610
1/30/2013,486.67,490.89,482.76,487.6,81816460
1/31/2013,484.04,485.19,479.79,479.79,77448750
2/1/2013,477.11,483.42,473.23,483.42,57696770
2/4/2013,487.06,488.96,482.38,482.38,50205730
2/5/2013,481.82,482.56,477.36,477.36,53187860
2/6/2013,479.62,488.62,479.62,488.36,61098630
2/7/2013,490.88,493.72,488.03,490.62,66319750
2/8/2013,491.85,495.72,489.64,494.03,58838750
2/18/2013,497.87,497.87,493.95,493.95,67678930
2/19/2013,493.4,495.39,490.33,490.78,101269460
2/20/2013,487.99,495.82,487.68,494.83,75889430
2/21/2013,494.83,497.7,476.73,476.73,121293570
2/22/2013,482.03,487.11,470.23,477.69,105270730
2/25/2013,481.67,483.97,478.97,483.69,46608020
2/26/2013,482.5,482.5,463.64,465.05,90251400
2/27/2013,465.89,467.5,459.64,465.72,68059040
2/28/2013,465.72,476.41,465.72,474.56,50678370
3/1/2013,476.51,480.39,475.46,477.15,48407200
3/4/2013,477.04,479.06,468.74,468.74,64774600
3/5/2013,467.36,467.84,461.61,462.12,57356100
3/6/2013,466.96,471.09,464.19,471.09,32511220
3/7/2013,470.73,472.54,466.63,466.63,41308530
3/8/2013,468.1,471.75,468.1,470.68,30142850
3/11/2013,471.29,476.79,469.78,476.5,53686210
3/12/2013,475.23,478.67,470.51,475.34,57757820
3/13/2013,476.43,478.05,471.85,473.18,48212190
3/14/2013,471.63,474.6,470.81,474.6,44795250
3/15/2013,474.99,481.35,474.45,481.35,72403940
3/18/2013,481.53,482.59,478.54,479.13,46990510
3/19/2013,478.45,482.21,477.55,480.48,33082800
3/20/2013,481.88,488.94,480.53,487.04,43035240
3/21/2013,488.64,494.57,488.43,491.79,46870700
3/22/2013,492.88,500.59,486.15,489.99,49788230
3/25/2013,491.76,495.64,488.55,493.57,33144960
3/26/2013,494.19,496.32,489.14,489.46,36516000
3/27/2013,489.3,492.46,485.34,491.26,34896540
3/28/2013,491.64,495.12,487.67,490.67,39513170
3/29/2013,487.01,492.96,483.5,491.04,34734860
4/1/2013,490.66,505.81,489.9,505.81,47153090
4/2/2013,507.31,514.1,507.22,509.43,66367870
4/3/2013,509.29,511.59,502.38,505.93,54225370
4/4/2013,505.54,506.63,497.35,497.35,48524380
4/5/2013,501.16,503.36,497.83,502.58,44598800
4/8/2013,505,507.75,501.91,506.66,49051910
4/9/2013,505.09,512.85,504.16,510.49,58149210
4/10/2013,512.15,518.46,496.5,496.5,64402460
4/11/2013,501.39,504.51,497.08,504.07,46971210
4/12/2013,505.37,505.9,490.82,494.27,50661340
4/15/2013,491.65,491.77,478.8,480.02,51237740
4/16/2013,475.07,479.97,466.56,478.07,46214530
4/17/2013,482.17,483.99,476.53,483.99,28380260
4/18/2013,479.11,483.99,471.1,473.21,35218830
4/22/2013,471.81,472.95,466.78,468.43,37044620
4/23/2013,470.59,475.48,469.13,473.69,30789420
4/24/2013,474.48,475.75,472.89,472.89,30220170
4/25/2013,474.87,477.8,474.29,476.59,35474860
4/26/2013,474.87,479.12,474.43,474.51,30585010
5/2/2013,474.54,476.42,472.16,473.02,20465090
5/3/2013,471.14,475.24,470.81,475.24,24532200
5/6/2013,478.94,488.32,478.94,488.32,46485330
5/7/2013,489.35,491.56,484.39,485.58,54751810
5/8/2013,486.74,488.04,483.03,485.07,37540320
5/9/2013,485.44,488.57,485.2,486.22,45880290
5/10/2013,488.1,490.76,484.75,486.1,39892770
5/13/2013,486.96,490.38,486.96,488.93,43748020
5/14/2013,486.94,487.45,480.79,483.85,35884870
5/15/2013,482.82,487.52,481.8,485.97,43474450
5/16/2013,486,490.58,488.68,490.34,43122850
5/17/2013,489.99,491.13,487.6,487.6,43122850
5/20/2013,487.71,492.96,485.42,492.27,46416100
5/21/2013,496.09,502.6,495.95,500.18,78862860
5/22/2013,503.23,504.68,501.44,502.23,60738030
5/23/2013,501.15,506.58,498.22,498.22,76788480
5/24/2013,498.77,503.6,495.96,500.24,58885910
5/27/2013,504.38,516.08,504.38,512.41,91278240
5/28/2013,515.62,517.97,512.81,516.33,83366050
5/29/2013,517.91,520.36,511.31,515.09,93465370
5/30/2013,517.18,521.45,513.68,521.45,73554110
5/31/2013,526.58,526.58,518.39,518.39,97869300
6/3/2013,518.3,521.35,516.75,517.03,72365040
6/4/2013,520.68,521.96,510.69,510.69,75405700
6/5/2013,512.37,513.95,508.86,513.91,54216330
6/6/2013,513.43,521.28,513.16,520.9,69643400
6/7/2013,523.21,527.97,523.19,527.97,73350530
6/10/2013,530.97,533.15,524.56,524.56,75001890
6/11/2013,525.2,525.68,520.94,521.95,59009640
6/12/2013,521.21,524.91,518.24,518.24,64902640
6/13/2013,518.28,519.54,510.07,515.09,60674390
6/14/2013,517.14,518,509.03,509.03,58737860
6/17/2013,510.52,511.23,498.31,498.52,73309030
6/18/2013,497.06,0,0,498.88,51411630
6/19/2013,501.58,504.11,500.61,503.37,42149080
6/20/2013,502.22,503.75,498.55,499.51,48665180
6/21/2013,497.3,501.25,495.23,498.84,92632850
6/24/2013,500.44,501.14,487.41,489.74,54963830
6/25/2013,487.04,488.55,466.78,473.02,82915860
6/26/2013,473.26,476.47,466.41,473.53,51883710
6/27/2013,476.33,482.95,475,482.95,42119150
6/28/2013,484.84,485.94,479.94,481.13,42072790
7/1/2013,478.98,478.98,475.26,477.34,30796540
7/2/2013,480.72,490.14,489.59,489.84,32480660
7/3/2013,489.84,492.93,487.11,487.35,36474440
7/4/2013,489.23,490.65,486.49,487.22,36277730
7/5/2013,488.06,489.99,485.22,485.66,37205860
7/8/2013,485.24,485.95,480.58,482.77,32633300
7/9/2013,483.96,485.5,481.14,485.5,26299100
7/10/2013,487.81,489.83,484.43,484.43,28250930
7/11/2013,484.38,485.44,482.11,484.47,28820560
7/12/2013,485.14,493.99,485.13,493.99,47906230
7/15/2013,496.12,498.32,492.95,494.1,41664550
7/16/2013,494.66,497.83,493.74,496.22,40224850
7/17/2013,496.38,498.42,493.37,497.5,41625080
7/18/2013,495.68,500.51,494.23,496.84,49439580
7/19/2013,499.64,505.38,499.28,503.76,42574930
7/22/2013,505.11,506.16,504.61,506.16,48725640
7/23/2013,506.59,508.64,504.22,504.29,47077480
7/24/2013,503.67,504.27,493.36,494.18,55245500
7/25/2013,493.75,495.85,491.71,491.78,41317890
7/26/2013,493.5,495.16,487.92,493.93,40361070
7/29/2013,493.81,494.36,485.56,485.69,29602500
7/30/2013,485.78,490.36,485.74,488.54,26663830
7/31/2013,488.1,493.1,487.1,491.85,24088410
8/1/2013,490.9,494.31,489.57,492.43,27992370
8/2/2013,493.33,495.71,493.02,494.66,24490540
8/5/2013,494.38,496.74,492.75,493.66,24131750
8/6/2013,492.69,496.56,491.91,496.56,29499900
8/7/2013,496.95,502.26,495.02,500.1,35379890
8/8/2013,499.53,503.51,497.05,498.22,28051650
8/9/2013,498.88,502.04,498.88,500.62,25936720
8/12/2013,501.35,501.39,497.53,499.46,25395260
8/13/2013,499.46,502.63,497.4,497.73,35557220
8/14/2013,498.51,503.89,496.35,503.57,34135960
8/15/2013,505.03,509.6,505.03,508.22,61233560
8/16/2013,508.22,510.22,505.48,507.79,59756870
8/19/2013,507.27,513.34,507.16,511.02,60613020
8/20/2013,509.59,510.59,504.11,504.81,59507840
8/21/2013,504.77,504.78,497.01,502.7,50876640
8/22/2013,499.82,503.92,494.4,496.12,50905010
8/23/2013,496.12,497.89,482.78,486.82,52560820
8/26/2013,485.26,490.54,478.59,490.54,38985570
8/27/2013,488.23,489.89,485.57,485.57,24680370
8/28/2013,482.48,477.92,470.29,473.3,65368120
8/29/2013,473.33,477.09,468.55,468.55,35965310
8/30/2013,469.64,472.7,462.13,472.7,33729090
9/3/2013,473.56,477.08,470.26,472.17,24844320
9/4/2013,472.77,476.42,469.3,471.45,69278295
9/5/2013,473.62,477.77,470.72,477.57,47409590
9/6/2013,479.18,480.55,475.16,480.03,33461070
9/9/2013,478.98,478.98,469.39,470.16,39165760
9/10/2013,470.16,475.62,470.16,474.53,27533440
9/11/2013,474.53,478.95,473.68,476.4,30633750
9/12/2013,474.97,477.25,474.91,475.59,0
9/13/2013,475.11,478,474.54,476.42,29065440
9/16/2013,478.32,478.7,473.97,475.57,38474360
9/17/2013,476.21,480.16,475.82,477.73,39152080
9/18/2013,478.65,479.43,473.69,474.26,39014181
9/19/2013,477.99,478.99,475.69,476.09,35571556
9/20/2013,476.12,477.19,474.7,477.19,84263650
9/23/2013,476.79,479.09,475.06,479.09,46167730
9/24/2013,478.88,483.78,478.85,482.82,313390
9/25/2013,482.41,488.98,482.41,486.22,80657028
9/26/2013,486.28,487.88,482.61,485.11,49626340
9/27/2013,484.68,487.82,483.85,486.61,43514290
9/30/2013,487.12,492.65,486.7,492.63,65644630
10/1/2013,491.92,496.59,491.34,492.24,98030960
10/2/2013,492.58,496.86,492.58,494.39,75217440
10/3/2013,495,495,491.59,492.3,61651890
10/4/2013,492.17,497.73,490.43,497.5,57891700
10/7/2013,497.45,502.16,496.92,500.47,64102510
10/8/2013,500.53,502.64,497.58,502.22,69394720
10/9/2013,501.28,502.52,498.98,500.67,62003910
10/10/2013,500.34,501.64,494.81,494.81,63565500
10/11/2013,496.71,498.58,494.53,494.53,52493570
10/14/2013,494.31,495.67,492.81,493.62,34865050
10/15/2013,493.03,495.72,492.37,495.72,49217000
10/16/2013,495.59,500.6,495.02,498.96,68958650
10/17/2013,501.88,502.64,498.83,499.59,60617540
10/18/2013,499.89,501.39,497.91,500.83,67031980
10/21/2013,501.8,503.72,500.25,501.57,109720270
10/22/2013,500.94,502.95,498.74,500.57,68523680
10/23/2013,501.41,504.81,501.41,504.05,77783670
10/24/2013,503.47,505.74,500.64,501.17,84151930
10/25/2013,502.8,503.17,499.53,500.75,59990570
10/28/2013,501.27,501.86,496.46,496.46,60698540
10/29/2013,494.66,497.74,494.01,497.08,48772840
10/30/2013,498,500.97,497.95,499.07,34869860
10/31/2013,500.04,500.59,497.41,497.41,38620230
11/1/2013,499.21,499.27,496.93,497.08,38485380
11/4/2013,497.25,498.49,495.68,497.07,62434130
11/5/2013,497.38,500.28,495.84,499.79,74452200
11/6/2013,500.83,502.52,499.58,502.52,76253370
11/7/2013,501.4,503.3,499.29,499.86,104887510
11/8/2013,498.8,500.47,498.51,498.61,63364460
11/11/2013,498.03,501.08,497.41,501.08,87692440
11/12/2013,500.81,501.36,496.79,497.65,118886010
11/13/2013,496.9,498.62,495.68,496.12,63518970
11/14/2013,496.67,498.82,496.12,497.85,60230390
11/15/2013,497.88,502.12,497.72,501.34,90780020
11/18/2013,503.33,507.41,503.44,506.48,113389010
11/19/2013,505.45,507.63,504.71,504.71,91657220
11/20/2013,504.68,505.75,502.98,505.52,103452470
11/21/2013,507,510.21,503.54,503.54,169313020
11/22/2013,504.52,506.46,502.83,505.64,100735280
11/25/2013,506.94,509.72,506.08,506.46,89988180
11/26/2013,506.98,510.75,504.65,509.16,87740550
11/27/2013,510.96,513.25,507.66,508.43,97463060
11/28/2013,508.53,509.15,506.99,507.71,77302730
11/29/2013,507.42,508.78,506.05,507.78,101245300
12/2/2013,509.13,509.48,507.1,508.53,77687566
12/3/2013,508.13,514.83,508.13,511.62,125503230
12/4/2013,512.01,513.4,510.66,510.88,0
12/5/2013,510.39,512.21,507.52,510.03,103881666
12/6/2013,510.03,512.37,509.76,510.12,78639080
12/9/2013,514.13,514.13,510.94,511.23,102308070
12/10/2013,512.1,513.83,510.24,511.6,80981720
12/11/2013,511.74,511.81,504.9,505.31,103538540
12/12/2013,503.77,507.68,503.76,506.92,80162230
12/13/2013,507.07,509.35,505.49,506.06,66520640
12/16/2013,503.46,506.52,502.04,502.04,62698890
12/17/2013,503.24,505.67,502.2,505.67,73599900
12/18/2013,505.1,506.11,503.66,505.25,62331098
12/19/2013,505.9,508.04,504.92,506.28,111083574
12/20/2013,507.39,508.29,504.45,504.45,124366340
12/23/2013,506.6,509.41,505.73,508.68,97324320
12/24/2013,508.61,509.54,505.62,505.62,84085890
12/25/2013,506.37,506.53,503.03,504.42,70383710
12/26/2013,504.41,507.57,503.59,506.55,68852630
12/27/2013,507.08,510.09,506.41,506.41,70524800
12/30/2013,506.35,507.02,500.35,500.35,84731280
12/31/2013,500.04,506.44,499.49,504.63,59559870
1/2/2014,505.61,506.71,503.04,504.51,54996230
1/3/2014,504.41,506.28,503.94,505.37,50118840
1/6/2014,505.74,509.1,504.28,509.1,68130860
1/7/2014,510.84,513,509.87,510.12,71614380
1/8/2014,511.03,514.2,509.01,513.9,68629490
1/9/2014,513.66,516.98,513.52,516.98,88948710
1/10/2014,518.33,523.06,518.24,518.94,92706120
1/13/2014,519.31,522.32,518.78,521.11,68452030
1/14/2014,521.13,524.59,520.63,522.31,85746090
1/15/2014,523.72,527.09,522.45,526.68,126092570
1/16/2014,528.83,533.54,527.9,533.54,91792850
1/17/2014,536.81,549.88,536.81,543.59,114980130
1/20/2014,548.22,559.93,548.74,553.67,101980700
1/21/2014,555.72,560.18,547.65,559.91,91154110
1/22/2014,561.34,564.61,551.92,551.92,114735990
1/23/2014,550.88,556.5,550.52,553.55,68197050
1/24/2014,555.66,560.19,553.46,560.19,85521800
1/27/2014,560.45,560.49,556.37,556.52,65472100
2/6/2014,555.51,557.29,551.45,554.68,87875560
2/7/2014,557.71,558.51,549.37,549.76,119495580
2/10/2014,550.41,555.9,548.56,555.9,106904960
2/11/2014,559.74,561.83,553.9,553.9,170844850
2/12/2014,555.55,564.25,554.26,564.25,120916320
2/13/2014,567.58,570.68,565.27,570.18,145697620
2/14/2014,573.09,576.18,569.38,572.22,136937230
2/17/2014,571.91,572.85,567.89,570.2,159214880
2/18/2014,570.8,574.56,570.16,574.56,154772030
2/19/2014,578.53,578.77,573.86,578.12,153445030
2/20/2014,579.64,584.1,565.31,571.04,254367230
2/21/2014,570.95,574.61,565.33,570.57,116346370
2/24/2014,571.94,576.58,570.07,576.58,112732880
2/25/2014,575.49,586.2,575.49,586.2,141747900
2/26/2014,590.64,590.77,582.96,589.81,157700690
2/27/2014,587.82,596.4,584.79,584.79,225207222
2/28/2014,586.12,591.36,581.63,586.48,119388297
3/3/2014,586.65,587.11,573.37,573.38,143297444
3/4/2014,569.34,572.28,563.55,569.97,125571957
3/5/2014,569.97,0,0,574.94,105532293
3/6/2014,576.17,0,0,578.56,141304493
3/7/2014,579.4,0,0,579.75,157003150
3/10/2014,580.84,0,0,583.69,145025550
3/11/2014,585.1,0,0,588.5,162492886
3/12/2014,590.94,596.38,590.02,590.02,177883620
3/13/2014,590.83,595.22,590.36,595.22,133778877
3/14/2014,596.2,600.68,594.51,596.83,163926210
3/17/2014,603.05,603.24,598.7,600.36,170181160
3/18/2014,602.01,603.21,597.78,599.85,205401807
3/19/2014,600.73,605.91,600.42,605.59,192008410
3/24/2014,606.55,608.64,605.95,607.55,194824345
3/25/2014,609.01,609.46,601.85,601.85,261346500
3/26/2014,603.54,603.68,587.52,588.06,259085060
3/27/2014,588.94,591.7,582.81,590.14,151335930
3/28/2014,592.82,595.7,590.59,594.29,122367440
3/31/2014,596.41,597.22,591.57,591.57,119514830
4/1/2014,0,0,0,591.57,0
4/2/2014,584.17,586.5,574.4,581.67,146779523
4/3/2014,584.45,590.91,582.83,589.44,105522983
4/4/2014,589.9,593.72,588.34,593.04,119718455
4/7/2014,595.72,602.55,595.35,600.57,115651254
4/8/2014,600.71,603.25,598.52,603.25,127466174
4/10/2014,603.25,608.89,600.43,601.33,114247627
4/11/2014,597.87,602.01,594.96,600.57,106926180
4/14/2014,602.67,602.7,596.05,596.11,128080220
4/15/2014,596,597.99,586.09,586.09,131668530
4/16/2014,583.64,585.51,567.61,574.29,149242265
4/17/2014,580.39,583.51,575.83,580.31,117693160
4/18/2014,580.89,580.89,565.33,565.33,116972898
6/9/2014,559.04,571.83,558.64,565.61,112503448
6/10/2014,566.31,571.73,564.32,566.89,79447283
6/11/2014,567.77,573.05,566.51,570.36,85221016
6/12/2014,571.19,574.75,568.58,573.77,96141153
6/13/2014,573.58,577.27,573.03,574.48,72408393
6/16/2014,575.2,575.87,571.76,572.37,87593555
6/17/2014,571.8,573.15,567.58,572.25,108669056
6/18/2014,571.74,575.03,570.03,570.03,99955525
6/19/2014,564.93,569.41,558.65,567.35,124333699
6/20/2014,568.45,571.76,560.78,560.78,123445643
6/23/2014,561.97,567.71,561.97,565.92,62543580
6/24/2014,565.47,570.37,565.12,569.74,67575649
6/25/2014,570.33,574.62,569.27,572.27,96490753
6/26/2014,572.23,578.29,570.33,576.4,123938238
6/27/2014,576.29,580.75,575.1,578.82,74414898
6/30/2014,578.28,582.26,577.76,578.13,76496630
7/1/2014,578.93,582.16,577.3,578.07,104403768
7/2/2014,578.9,581.89,576.88,578.8,109096029
7/3/2014,581.24,585.02,580.55,585.02,131463926
7/4/2014,585.66,591.38,585.66,589.35,132764372
7/7/2014,592.23,594.84,589.61,590.69,127746391
7/8/2014,591.63,593.4,588.54,591.47,96629270
7/9/2014,591.82,593.42,590.46,591.6,109819763
7/10/2014,591.21,591.35,581.49,584.88,152831885
7/11/2014,584.29,586.57,580.54,582.77,78299428
7/14/2014,583.55,586.23,581.99,586.23,68061940
7/15/2014,587.92,590.09,587.68,589.31,137424848
7/16/2014,594.13,594.29,589.68,589.68,138138520
7/17/2014,588.99,591.42,586.07,590.37,96550889
7/18/2014,590.9,596.26,589.33,596.26,144369890
7/21/2014,598.11,604.64,596.96,601.04,111554600
7/22/2014,599.3,600.93,594.85,597.98,103903204
7/23/2014,599.56,599.56,594.1,597.5,65415149
7/24/2014,597.03,602.49,597.03,602.06,87860250
7/25/2014,603.54,605.78,600.14,600.14,99969048
7/28/2014,599.13,599.35,587.78,589.45,111541350
7/29/2014,590.57,592.24,585.75,592.24,62283321
7/30/2014,591.15,593.58,588.53,589.33,81073130
7/31/2014,589.35,596.11,587.68,596.07,64622962
8/1/2014,594.66,596.8,592.38,593.9,65130297
8/4/2014,592.04,600.52,592.04,599.04,71641464
8/5/2014,600.46,607.73,599.1,607.73,86632550
8/6/2014,607.95,610.88,605.63,606.7,94020497
8/7/2014,603.94,608.42,603.13,607.62,91130306
8/8/2014,607.18,610.09,604.08,605.43,108880699
8/11/2014,602.78,607.16,600.48,602.13,87720330
8/12/2014,600.52,604.89,598.71,601.78,82997797
8/13/2014,601.03,604.51,599.64,602.76,95741320
8/14/2014,605.03,607.84,604.08,605.25,112025144
8/15/2014,605.25,608.46,603.24,604.24,105894724
8/18/2014,605.42,607.79,603.33,605.08,139413025
8/19/2014,607.27,609.04,603.61,604.64,134150022
8/20/2014,604.3,608.72,602.81,606.7,107831991
8/21/2014,608.91,616.96,608.58,612.94,151001110
8/22/2014,614.51,622.97,614.51,620.14,163547241
8/25/2014,622.71,629.58,622.16,625.88,182015010
8/26/2014,627.13,631.17,625.1,629.06,135433540
8/27/2014,630.84,632.25,624.68,628.77,157140925
8/28/2014,627.41,635.94,626.32,632.03,164370253
8/29/2014,634.91,640.19,631.11,636.65,189882100
9/3/2014,640.69,644.56,638.95,640.75,204659770
9/4/2014,638.6,642.88,636.56,640.22,163378441
9/5/2014,640.63,641.96,638.55,638.65,161905991
9/8/2014,641.88,642.72,639.19,639.85,182224667
9/9/2014,640.5,641.2,622.76,626.92,280299892
9/10/2014,625.59,630.03,618.54,628.8,141622120
9/11/2014,629.77,633.6,626.26,628.99,129414618
9/12/2014,631.31,632.91,627.42,632.5,144087285
9/15/2014,633.86,636.65,630.34,630.34,212383873
9/16/2014,628.96,631.59,623.66,627.66,180897170
9/17/2014,630.48,632.22,625.66,625.66,189811760
9/18/2014,625.95,627.29,615.8,615.8,179594623
9/19/2014,615.86,619.8,612.4,613.29,218231910
9/22/2014,617.71,621.36,611.93,611.93,143308728
9/23/2014,611.75,615.99,610.39,610.39,144390593
9/24/2014,609.51,611.61,603.59,603.59,132704220
9/25/2014,604.31,605.5,594.28,605.1,135774325
9/26/2014,608.8,610.15,604.98,604.98,143917260
9/29/2014,605.03,605.03,599.78,599.78,127430796
9/30/2014,597.11,601.54,594,598.8,153786358
10/1/2014,603.5,611.74,603.44,609.27,183011333
10/2/2014,612.43,614.8,607.57,612.66,180214921
10/3/2014,613.38,615.42,610.55,611.55,190314722
10/6/2014,612.11,616.13,611.77,614.42,168958470
10/7/2014,614.16,617.01,612.94,614.08,194635280
10/8/2014,615.04,618.37,611.98,617.26,175390800
10/9/2014,622.25,626.9,622.25,624.34,163349106
10/10/2014,623.85,627.49,617.72,617.72,150441103
10/13/2014,615.77,618.29,608.27,614.22,119913646
10/14/2014,614.22,616.71,605.79,605.79,115310870
10/15/2014,603.73,606.4,596.5,604.29,124373880
10/16/2014,603.11,603.59,585.76,587.17,169571793
10/17/2014,585.95,591.85,577.79,585.28,130527827
10/20/2014,588.38,593.2,585.7,589.24,82444742
10/21/2014,590.17,601.14,588.75,600.55,87101770
10/22/2014,600.27,603.97,598.99,601.59,101804136
10/23/2014,598.87,602.02,593.11,593.53,151034338
10/24/2014,592.66,595.33,588.72,591.51,93570938
10/27/2014,590.33,591.59,580.02,580.8,104193902
10/28/2014,578.73,584.43,578.44,583.13,116563475
10/29/2014,585.68,591.83,585.68,591.2,100309342
10/30/2014,593.09,594.3,589.14,589.14,96454830
10/31/2014,591.12,600.84,588.16,600.84,132329205
11/3/2014,603.44,606.94,602.51,603.15,123870111
11/4/2014,601.55,604.47,598.39,598.39,116124729
11/5/2014,599.64,602.53,593.53,597.01,146011840
11/6/2014,599.2,601.28,596.73,597.85,93438549
11/7/2014,598.41,603.32,597.73,602.59,125602912
11/10/2014,604.75,607.5,602.12,602.12,138816769
11/11/2014,603.48,608.68,601.85,604.23,136607077
11/12/2014,605.14,606.36,603.12,604.01,126581590
11/13/2014,605.25,607.29,602.62,603.16,157537646
11/14/2014,601.69,602.51,596.95,600.36,145108258
11/17/2014,602.4,604.63,600.93,600.93,114368771
11/18/2014,600.86,602.53,594.25,594.25,143921465
11/19/2014,594.88,597.29,588.35,588.35,162360597
11/20/2014,592.17,594.76,589.84,593.32,152658810
11/21/2014,594.71,596.02,588.03,588.03,160143220
11/24/2014,585.08,586.54,580.92,582.53,115957190
11/25/2014,583.53,588.42,583.53,585.91,114074387
11/26/2014,587.58,588.16,575.09,576.04,162038348
11/27/2014,575.63,575.82,567.36,572.89,117664958
11/28/2014,570.61,572.12,565.1,566.58,145679937
12/1/2014,566.22,571.69,565.09,568.01,123856042
12/2/2014,570.44,570.79,568.55,569.43,101634189
12/3/2014,570.48,575.95,570.44,574.88,119136054
12/4/2014,576.63,581.27,576.63,578.38,108387180
12/5/2014,578.52,582.42,578.18,578.76,106676540
12/8/2014,577.44,577.44,569.24,571.68,113549183
12/9/2014,567.55,567.55,554.51,555.31,191552910
12/10/2014,550.35,558.47,544.78,557.19,119404619
12/11/2014,549.78,557.96,547.55,550.11,95717629
12/12/2014,547.69,554.82,547.69,553.93,77358806
12/15/2014,550.8,554.35,547.93,547.93,84730943
12/16/2014,545.33,545.66,535,535.14,128015088
12/17/2014,535.27,536.64,513.06,518.22,171356990
12/18/2014,522.9,528.6,521.33,528.45,113296932
12/19/2014,527.61,533.3,522.1,523.09,180821470
12/22/2014,527.28,537.54,527.28,537.54,98812658
12/23/2014,535.61,543.22,532.78,537.88,110198639
12/24/2014,540.46,541.73,536.79,539.44,70678530
12/25/2014,536.21,537.47,531.52,532.01,89289563
12/26/2014,531.84,537.89,527.41,533.37,105314366
12/29/2014,533.37,538.83,528.63,532.68,104107819
12/30/2014,531.07,537.57,526.61,537.57,86681859
12/31/2014,538.68,546.62,537.91,545.63,122766145
1/5/2015,545.43,549.22,543.78,544.45,95949953
1/6/2015,539.08,550.11,538.82,549.66,112316461
1/7/2015,548.44,555.83,548.44,552.05,111705080
1/8/2015,553.49,556.8,552.15,553.47,77867146
1/9/2015,555.53,570.52,555.53,569.73,107474507
1/12/2015,575.86,579.73,574.07,574.32,134928562
1/13/2015,573.26,580.65,573.26,580.6,111664637
1/14/2015,579.77,582.21,571.67,577.01,108938080
1/15/2015,577.01,581.24,575.36,577.74,120095579
1/16/2015,576.88,578.51,574.08,574.81,106677703
1/19/2015,576.5,579.06,570.1,571.51,85869950
1/20/2015,570.78,574.96,570.14,572.22,79190190
1/21/2015,573.54,574.41,569.12,569.12,83040200
1/22/2015,569.74,576.48,567.82,574.54,83828883
1/23/2015,578.22,583.57,577.57,582.38,184122823
1/26/2015,584.89,586.76,580.64,580.64,139906999
1/27/2015,580.45,584.28,575.5,579.3,157540891
1/28/2015,579.56,584.35,578.59,583.76,113561440
1/29/2015,584.18,585.66,580.37,583.28,109682059
1/30/2015,584.08,584.08,574.46,576.07,102197700
2/2/2015,576.07,579.73,570.37,570.37,85071802
2/3/2015,572.56,574.83,557.47,557.47,96935831
2/4/2015,556.93,561.69,553.21,561.45,100169716
2/5/2015,562.17,568.22,562.05,567.17,78742544
2/6/2015,569.03,574.36,569.03,574.13,64274918
2/9/2015,574.06,577.04,572.79,573.55,71316820
2/10/2015,575.74,578.42,574.24,574.52,73830792
2/11/2015,574.88,581.76,574.88,581.76,77500496
2/13/2015,586.26,589.02,585.6,587.24,73837820
2/24/2015,590.18,596.95,589.74,596.95,62893419
2/25/2015,596.9,601.55,592.66,592.66,99237866
2/26/2015,593.95,597.07,591.78,596.72,89935440
2/27/2015,598,598.4,590.58,592.57,78310062
3/2/2015,591.75,593.72,588.59,590.73,86655948
3/3/2015,590.42,597.45,590.42,596.72,112826690
3/4/2015,598.49,600.69,595.34,600.39,120522460
3/5/2015,601.08,602.4,596.75,596.91,134357502
3/6/2015,596.42,598.33,592.71,593.97,101676233
3/9/2015,594.08,596.32,587.27,588.44,98831480
3/10/2015,586.38,591.17,586.38,589.66,105173875
3/11/2015,589.04,590.56,586.49,586.54,86316492
3/12/2015,585.89,589.67,585.48,588.53,82739692
3/13/2015,589.04,591.75,586.1,586.1,97281740
3/16/2015,583.26,586.19,580.55,580.8,100538780
3/17/2015,580.6,583.59,580.6,581.76,105054970
3/18/2015,580.81,581.53,577.26,578.68,108040880
3/19/2015,579.39,580.32,573.52,573.74,84526970
3/20/2015,572.57,577.56,571.92,575.44,151536960
3/23/2015,576.64,579.39,570.44,570.89,99548172
3/24/2015,569.33,569.91,562.07,567.43,91921673
3/25/2015,567.62,568.4,559.87,560.93,87606340
3/26/2015,556.12,559.68,553.19,556.16,83825010
3/27/2015,558.93,561.13,549.65,551.42,91630502
3/30/2015,551.75,554.26,545.07,545.19,108626597
3/31/2015,544.87,552.72,544.87,551.13,83615827
4/1/2015,550.8,551.69,537.3,538.91,129132966
4/2/2015,540.54,546.85,536.87,546.85,89755500
4/3/2015,548.69,550.3,544.22,547.85,70713550
4/6/2015,548.11,549.28,542.97,542.97,71851972
4/7/2015,542.71,548.37,540.79,548.11,96779408
4/8/2015,549.69,551.23,546.29,547.72,80149309
4/9/2015,547.26,552.53,546.76,550.52,94464349
4/10/2015,550.96,557.65,550.96,554.03,104201065
4/13/2015,556.35,559.68,555.97,559.54,72141841
4/14/2015,559.81,562.95,558.49,558.67,69539197
4/15/2015,558.94,565.39,558.94,564.5,82310547
4/16/2015,564.5,570.68,564.5,568.28,100518330
4/17/2015,568.87,572.76,568.28,568.32,107308470
4/20/2015,568.52,568.83,562.66,565.04,98954159
4/21/2015,563.78,567.52,562.24,562.24,98592506
4/22/2015,562.58,565.04,561.53,562.51,91608120
4/23/2015,562.85,564.45,557.57,561.25,76336705
4/24/2015,563.17,567.36,561.56,565.77,61680945
4/27/2015,567.77,568.47,562.4,562.4,61882580
5/4/2015,560.62,563.36,545.08,545.08,112493038
5/5/2015,544.8,552.65,539.04,552.65,116972118
5/6/2015,553.3,555.51,548.17,549.3,89293918
5/7/2015,548.51,554.22,547.53,552.98,70107660
5/8/2015,551.57,556.39,550.93,554.51,72948230
5/11/2015,554.5,556.2,550.57,551.67,108342081
5/12/2015,551.98,552.56,542.7,544.41,79641182
5/13/2015,545.5,546.99,538.76,542.82,79428780
5/14/2015,542.53,545,540.72,543.69,67995728
5/15/2015,543.61,545.48,537.44,537.44,74945168
5/18/2015,535.82,536.71,528.9,528.95,105370270
5/19/2015,530,537.19,530,536.82,93794238
5/20/2015,536.35,550.33,536.07,550.1,128457950
5/21/2015,550.99,554,547.95,552.56,112191076
5/22/2015,553.41,561.82,550.81,561.82,119603570
5/25/2015,560.8,563.84,558.5,563,108172345
5/26/2015,563.31,570.29,562.58,567.2,143157231
5/27/2015,564.64,569.63,563.28,566.48,115039470
5/28/2015,566.13,576.92,564.73,572.97,151798276
5/29/2015,572.73,577.03,568.7,569.56,135981181
6/1/2015,571.15,579.58,570.14,574.98,118501583
6/2/2015,575.7,581.24,570.31,570.31,123887116
6/3/2015,570.55,573.91,567.81,567.9,125465980
6/4/2015,568.01,573.5,567.89,568.99,113850448
6/5/2015,568.63,579.01,568.37,578.07,147673160
6/8/2015,580.74,585.51,579.45,579.83,193168139
6/9/2015,578.68,582.13,573.73,574.47,162014406
6/10/2015,576.06,576.62,569.59,574.1,133530725
6/11/2015,577.32,582.68,575.25,581.05,166695844
6/12/2015,582.54,585.01,578.8,582.73,163046490
6/15/2015,583.51,586.67,581.35,586.48,154918630
6/16/2015,587.76,589.33,580.35,580.35,162621442
6/17/2015,578.53,584.04,575.88,578.87,131353017
6/18/2015,578.73,583.02,578.47,580.35,98182300
6/19/2015,584.08,588.48,582.47,584.7,201253300
6/22/2015,588.33,594.08,588.01,594.08,154756804
6/23/2015,592.44,595.11,590.76,593.07,130756238
6/24/2015,592.19,594.01,589.02,590.02,128936836
6/25/2015,589.29,590.37,585.34,587.99,114600820
6/26/2015,586.04,592.59,581.75,581.75,152466275
6/29/2015,580.16,591.75,579.61,591.75,121736895
6/30/2015,588.77,598.98,588.77,593.05,156142734
7/1/2015,594.52,594.52,587.33,591.5,133015191
7/2/2015,590.52,605.7,590.52,605.7,136673256
7/3/2015,608.82,617.96,608.82,616.43,164545634
7/6/2015,618.75,625.34,618.65,625.22,179746153
7/7/2015,623.89,633.73,620.59,630.27,175372826
7/8/2015,630.4,634.13,617.29,623.17,191326801
7/9/2015,616.2,626.38,613.34,622.1,148192176
7/10/2015,627.56,630.79,624.7,627.28,216829191
7/13/2015,631.56,637.07,627.69,634.06,140485030
7/14/2015,635.55,640.43,628.43,638.69,155025876
7/15/2015,640.43,641.06,630.89,630.89,141789461
7/16/2015,627.32,632.21,622.57,626.9,132735829
7/17/2015,628.45,631.67,626.21,628.63,106876812
7/20/2015,624.84,624.84,616.11,620.54,120577490
7/21/2015,619.9,624.47,613.83,616.61,100715190
7/22/2015,614.56,629.94,613.58,629.85,120809536
7/23/2015,632.07,637.91,631.43,632.01,120931816
7/24/2015,633.27,634.61,627.99,631.26,111646685
7/27/2015,629.68,636.84,629.42,635.46,123978732
7/28/2015,636.58,639.54,631.47,631.47,155012385
7/29/2015,632,634.64,624.7,624.7,114155520
7/30/2015,625.46,627.11,622.43,626.57,102580431
7/31/2015,628.31,629.97,621.06,621.06,112601314
8/3/2015,617.12,617.12,605.63,609.47,129775440
8/4/2015,607.95,609.91,600.76,600.76,83579840
8/5/2015,600.68,608.21,600.68,607.08,108568356
8/6/2015,607.84,609.31,600.85,601.04,110438300
8/7/2015,601.57,604.04,597.75,603.76,87763805
8/10/2015,603.82,614.53,603.82,614.53,90733790
8/11/2015,615.17,619.69,611.17,613.05,119704416
8/12/2015,609.33,611.46,602.01,604.24,112168470
8/13/2015,603.31,603.31,590.44,594.26,126466967
8/14/2015,592.8,598.55,585.97,589.03,90668550
8/17/2015,588.67,591.2,571.26,573.15,108220070
8/18/2015,571.31,580.22,571.22,580.22,93866701
8/19/2015,576.44,580.99,569.21,577.82,106329590
8/20/2015,577.82,577.82,565.09,566.69,113118145
8/21/2015,559.34,559.97,542.31,556.3,185890140
8/24/2015,550.48,550.48,523.55,526.93,174559919
8/25/2015,511.13,535.48,511.13,529.98,177692294
8/26/2015,530.05,545.89,530.05,545.89,124142260
8/27/2015,551.89,558.93,551.44,555.81,127733040
8/28/2015,561.36,570.87,559.35,570.87,165727370
8/31/2015,573.1,573.1,563.99,564.75,127965687
9/1/2015,565.75,569.18,561.28,562.31,98666090
9/3/2015,559.32,561.43,551.47,554.3,93471190
9/4/2015,554.85,558.9,554.77,556.81,66984681
9/7/2015,557.07,560.09,554.44,554.93,75024450
9/8/2015,554.48,566.72,554.34,566.72,107299931
9/9/2015,574.06,574.73,569.69,572.34,89599390
9/10/2015,567.51,576.13,567.09,572.07,70327858
9/11/2015,572.14,573.99,566.18,566.74,94986910
9/14/2015,569.21,572.25,561.46,562.17,84875711
9/15/2015,564.38,565.05,561.1,563.27,85238120
9/16/2015,561.86,564.82,561.69,564.13,74657307
9/17/2015,563.93,565.85,562.48,562.48,88373514
9/18/2015,564.69,569.5,564.69,566.25,153413503
9/21/2015,566.74,572.26,565.16,572.12,109412321
9/22/2015,573.09,575.17,570.26,573.2,121249664
9/23/2015,570.64,573.85,569.51,572.72,107830778
9/24/2015,573.5,575.36,570.12,570.25,107033234
9/25/2015,570.41,572.09,567.71,570.38,79089825
9/28/2015,571.29,572.15,564.88,564.88,86044001
9/29/2015,559.83,561.76,557.65,561.19,93139990
9/30/2015,562.5,565.65,562.5,562.64,83821689
10/1/2015,563.39,565.63,563.23,563.54,82587308
10/2/2015,563.33,565.01,561.73,562.31,81795149
10/5/2015,564.58,570,563.95,570,98664048
10/6/2015,577.45,581.38,574.63,581.29,179239993
10/7/2015,583.97,587.3,579.57,579.57,126077827
10/8/2015,580.04,588.35,579.82,586.78,194056072
10/9/2015,590.91,593.02,587.57,588.02,162687753
10/12/2015,587.72,594.74,587.25,592.1,152110985
10/13/2015,589.09,591.66,588.54,590.84,115293788
10/14/2015,592.45,593.73,589.62,589.98,113476812
10/15/2015,591.36,594.17,588.98,592.4,115345487
10/16/2015,592.4,599.74,592.4,593.02,132294470
10/19/2015,593.87,598.11,591.6,594.61,107689287
10/20/2015,594.97,596.37,588.26,590.45,118292310
10/21/2015,590.43,594.5,589.84,590.24,100314613
10/22/2015,590.24,595.81,589.74,595.08,94881079
10/23/2015,598.55,602.55,598.25,601.74,104409506
10/26/2015,604.41,606.79,598.61,598.61,102759469
10/27/2015,597.8,600.51,595.62,598.44,106258088
10/28/2015,599.09,601.09,596.24,596.24,119718630
10/29/2015,599.32,605.2,598.8,605.2,102964589
10/30/2015,605.49,608.01,603.93,607.37,91228743
11/2/2015,607.93,610.17,601.99,602.76,123804242
11/3/2015,605.32,611.71,600.46,611.71,116501092
11/4/2015,614.29,617.93,610.6,610.6,112568865
11/5/2015,609.49,616.46,608.53,615.18,99747811
11/6/2015,615.54,617.79,608.89,612.36,109916849
11/9/2015,612.29,613.79,610.35,610.66,122658556
11/10/2015,609.3,610.6,605.08,605.27,119828327
11/11/2015,604.13,609.24,603.34,603.53,95353677
11/12/2015,602.02,605.58,595.86,605.58,144360576
11/13/2015,604.41,611.27,603.72,611.27,159048896
11/16/2015,609.77,611.92,605.39,609.21,137771821
11/17/2015,609.46,611.18,605.05,605.05,171375598
11/18/2015,603.32,606.62,602.13,603.34,123130657
11/19/2015,604.38,605.56,600.84,601.9,122666073
11/20/2015,602.11,606.58,601.9,604.46,140714933
11/23/2015,605.89,607.69,599.99,599.99,153192570
11/24/2015,599.81,599.94,590.41,593.83,169697131
11/25/2015,593.24,596.92,588.1,595.7,143862187
11/26/2015,593.12,594.67,590.39,590.4,157756736
11/27/2015,589.09,591.84,582.86,582.86,142236204
12/7/2015,570.12,571.2,563.41,563.62,78317859
12/8/2015,561,574.15,556.92,574.15,112952020
12/9/2015,575.08,576.63,565.2,565.2,107435090
12/10/2015,564.86,567.62,561.04,561.04,113098598
12/11/2015,560.99,567.13,559.73,563.43,98046395
12/16/2015,570.36,575.54,570.36,572.55,114455822
1/19/2016,525.65,535.77,528.16,535.77,125998178
1/20/2016,532.81,536.57,529.42,529.44,128297680
1/21/2016,529.44,531.21,520.74,521.88,152779535
1/22/2016,521.88,525.83,513.82,522.24,169036178
1/25/2016,530.58,542.36,522.24,542.35,164266326
1/26/2016,534.06,542.98,531.27,537.73,142005584
1/27/2016,541.18,543.88,540.03,542.69,124968204
1/28/2016,542.01,544.73,538.59,539.47,113207754
1/29/2016,539.96,545.71,537.51,545.25,122861408
2/1/2016,545.27,548.58,540.56,540.56,107294633
2/2/2016,537.71,542.26,535.38,536.45,93183702
2/3/2016,531.11,539.07,530.23,539.07,87346741
2/4/2016,542.91,545.17,541.66,542.15,67891131
2/5/2016,540.64,545.54,540.64,544.75,61850624
2/15/2016,540.13,544.59,537.81,543.79,68697819
2/16/2016,545.72,548.89,545.72,548.05,108042955
2/17/2016,551.38,552.38,547.05,547.05,131155927
2/18/2016,550.51,555.05,549.16,552.49,125514129
2/19/2016,552.37,555.16,551.38,554.03,185583566
2/22/2016,555.31,561.44,555.31,560.71,152960690
2/23/2016,564.75,567.58,561.09,561.28,159711325
2/24/2016,559.48,569.7,557.77,568.04,160236400
2/25/2016,571.15,573.63,562.82,562.82,151424152
2/26/2016,565.61,566.8,562.39,566.11,106608060
2/29/2016,565.61,566.31,559.37,559.37,129709130
3/1/2016,560.03,565.65,560.03,561.56,141418360
3/2/2016,564.85,570.18,562.97,570.18,144882879
3/3/2016,573.06,573.88,569.39,570.39,132208151
3/4/2016,570.18,576.02,568.83,573.65,142762839
3/7/2016,575.76,580.95,575.39,576.2,158921649
3/8/2016,576.75,579.87,574.53,574.71,149051130
3/9/2016,573.47,576.32,571.48,571.71,125151264
3/10/2016,574.07,575.91,571.52,575.91,146190997
3/11/2016,576.12,580.93,574.81,577.26,146761681
3/14/2016,579.61,579.84,576.26,577.98,175478402
3/15/2016,577.98,578.96,572.59,574.04,163937509
3/16/2016,573.88,577.96,573.37,577.07,148928132
3/17/2016,581.55,583.53,579.26,579.26,165826389
3/18/2016,579.95,580.81,575.44,575.82,226162585
3/21/2016,577.65,580.83,572.27,572.27,163803278
3/22/2016,572.27,573.8,567.8,570.91,132091826
3/23/2016,570.74,575.22,570.39,574.71,142817620
3/24/2016,573.93,577.21,570.66,570.66,166986913
3/25/2016,569.48,572.48,564.88,572.08,159135772
3/28/2016,573.69,576,571.58,575.72,127859664
3/29/2016,575.63,576.07,568.28,568.28,165096704
3/30/2016,566.08,571.89,565.55,569.91,135457967
3/31/2016,569.04,570.94,561.22,561.22,172525592
4/1/2016,560.64,562.73,557.96,558.43,131420385
4/4/2016,557.56,560.92,554.3,555.82,118847850
4/5/2016,555.98,560.32,555.15,560.32,140380762
4/6/2016,561.94,567.79,560.63,567.79,120888692
4/7/2016,570.72,572.56,567.01,571.6,123544105
4/8/2016,571.21,574.46,569.09,572.34,122410615
4/11/2016,575.11,581.88,575.01,579.27,143194089
4/12/2016,580.9,582.97,577.17,579.84,165747147
4/13/2016,580.77,582.81,575.65,578.02,140037692
4/14/2016,575.69,584.81,575.69,579.49,122500701
4/15/2016,581.54,586.36,579.86,579.86,124267616
4/19/2016,578.32,578.44,568.28,568.28,138459788
4/20/2016,569.8,571.71,565.3,568.03,116427685
4/21/2016,571.19,577.41,570.71,575.73,104551900
4/22/2016,574.57,592.48,574.57,592.48,140754879
4/25/2016,597.91,601.61,591.58,591.58,161640502
4/26/2016,590.99,598.48,590.19,598.48,176652609
4/27/2016,601.79,601.79,591.35,593.96,149048248
4/28/2016,594.98,597.28,589.97,591.67,101200825
4/29/2016,591.2,599.71,591.2,598.37,124902889
5/4/2016,595.95,603.08,592.43,599.07,143701125
5/5/2016,600.66,605.21,600.5,601.51,134807029
5/6/2016,602.4,608.94,602.17,606.52,120426242
5/9/2016,610.92,612.97,603.85,603.85,145393793
5/10/2016,600.35,605.46,597.74,605.05,143695060
5/11/2016,606.6,614.06,606.06,614.06,162836854
5/12/2016,615.55,617.56,612.12,612.12,93535957
5/13/2016,612.32,615.3,608.04,610.82,110628260
5/16/2016,610.13,616.17,608.49,615.78,109336428
5/17/2016,620.54,626.12,618.67,624.75,126844685
5/18/2016,625.53,627.81,621.79,622.45,135286732
5/19/2016,621.83,623.68,618.13,619.2,141468684
5/20/2016,620.72,622.48,614.41,614.81,138837461
5/23/2016,616.11,616.83,610.45,611.03,99916411
5/24/2016,612.23,613.14,608.15,611.62,115554356
5/25/2016,613.96,616.38,611.89,611.89,139392931
5/26/2016,611.88,613.37,604.34,604.34,116593590
5/27/2016,604.36,609.94,603.23,608.11,102555613
5/30/2016,609.98,615.52,608.46,614.5,111118746
5/31/2016,616.22,621.14,614.68,618.44,121509400
6/1/2016,618.18,620.24,616.33,619.86,113214434
6/2/2016,619.19,624.52,618.38,623.37,126638198
6/3/2016,623.21,625.19,621.62,621.88,124293886
6/6/2016,621.09,624.55,616.98,620.05,133233686
6/7/2016,622.4,624.69,620.05,624.65,115267692
6/8/2016,626.84,632.68,626.29,627.87,139311446
6/9/2016,628.4,631.26,626.27,631.26,119510866
6/10/2016,629.95,633.47,628.56,629.84,134279311
6/13/2016,626.26,627.36,621.4,623.58,127060195
6/14/2016,621.63,626.4,619.13,625.43,99800986
6/15/2016,624.63,628.75,621.76,627.02,130313982
6/16/2016,627.38,630.21,625.11,625.11,122411121
6/17/2016,622.92,624.59,618.16,619.25,148648035
6/20/2016,622.04,626.46,620.41,626.46,115099126
6/21/2016,629.03,631.96,628,628,127747245
6/22/2016,628.77,629.95,625.81,626.41,107956447
6/23/2016,626.47,632.6,626.47,632.27,117110964
6/24/2016,631.77,631.77,597.68,620.77,270167693
6/27/2016,616.19,621.27,608.26,621.27,107961271
6/28/2016,617.68,624.85,617.65,622.2,89276686
6/29/2016,623.56,631.25,623.56,630.12,122306893
6/30/2016,633.17,637.46,631.74,632.26,106172826
7/1/2016,632.26,643.55,632.26,640.3,126003431
7/4/2016,643.11,647.96,641.96,647.96,137074190
7/5/2016,650.47,658.45,647.52,650.88,149329425
7/6/2016,646.8,652.36,644.07,649.46,136952723
7/7/2016,652.49,661.12,652.13,661.12,137255422
7/8/2016,661.07,665.53,655.91,658.68,143999302
7/11/2016,658.92,664.89,648.77,652.26,162216721
7/12/2016,652.81,658.9,649.86,658.9,175613469
7/13/2016,662.04,676.06,662.04,675.12,138393530
7/14/2016,675.66,681.75,666.69,666.69,160109344
7/15/2016,666.69,670.18,661.47,664.56,131134987
7/18/2016,664.12,673.5,662.25,673.5,131475169
7/19/2016,675.89,677.35,660.09,667.76,139586806
7/20/2016,667.86,667.86,660.26,660.26,129409012
7/21/2016,662.72,665.9,656.03,659.57,112376924
7/22/2016,657.15,658.06,640.26,649.87,151762705
7/25/2016,651.33,654.17,646.04,649.3,97521070
7/26/2016,648.58,651.93,642.91,648.59,106200466
7/27/2016,647.98,656.11,647.74,656.11,127212901
7/28/2016,655.81,657.2,649.86,657.14,122995228
7/29/2016,654.19,657.88,650.98,652.23,120007853
8/1/2016,655.38,655.38,646.02,648.38,92786858
8/2/2016,643.2,643.2,633.33,636.05,176389415
8/3/2016,632.98,634.75,627.66,631.61,94952845
8/4/2016,633.74,641.02,631.94,631.94,112054475
8/5/2016,629.69,630.18,622.49,627.39,125577237
8/8/2016,627.39,629.91,622.14,629.46,90026903
8/9/2016,629.66,637.34,629.66,637.34,98867142
8/10/2016,637.21,648.48,637.21,648.33,120826260
8/11/2016,649.27,660.24,648.31,660.24,140932553
8/12/2016,665.14,668.52,652.67,655.71,125031135
8/15/2016,654.06,659.47,653.64,659.47,117957041
8/16/2016,659.47,662.13,656.83,658.11,160323174
8/17/2016,659.46,660.76,657.06,660.51,123972737
8/18/2016,663.56,665.94,656.35,660.65,131630610
8/19/2016,664.09,666.93,659.64,662.28,109696013
8/22/2016,662.87,664.95,657.68,657.68,116313401
8/23/2016,653.58,659.16,652.88,659.16,109076919
8/24/2016,660.95,665.43,659.7,660.77,103852017
8/25/2016,660.77,660.77,656.49,658.5,116130990
8/26/2016,662.9,668.84,662.9,667.75,116441362
8/29/2016,670.71,679.62,669.44,669.44,114887828
8/30/2016,667.96,672.67,666.33,672.67,96553445
9/1/2016,674.19,674.72,664.77,669.19,102236975
9/5/2016,669.3,670.08,660.31,664.55,110452165
9/6/2016,666.38,668.4,663.9,663.9,108988687
9/7/2016,663.05,663.68,656.22,661.28,106478655
9/8/2016,661.89,668.2,660.54,666.07,124555726
9/9/2016,669.24,672.39,666.88,666.88,106069911
9/12/2016,665.77,666.04,655.55,659.76,101334675
9/13/2016,658.61,661.74,654.95,659.72,87742729
9/14/2016,658.16,661.82,656.64,656.64,96405371
9/15/2016,657.46,660.32,654.84,656.18,112721637
9/16/2016,654.68,657.53,651.31,651.31,206937884
9/19/2016,651.31,658.35,651.31,657.89,107313289
9/20/2016,656.2,663.37,653.28,663.37,118443376
9/21/2016,663.12,668.83,662.79,668.48,158846286
9/22/2016,668.48,675.36,668.48,671.38,144396670
9/23/2016,670.73,674.09,670.3,674.09,176039748
9/26/2016,673.21,677.04,671.51,677.04,162242504
9/27/2016,676.61,684.89,676.24,684.89,130570028
9/28/2016,684.99,687.94,682.98,686.72,128176296
9/29/2016,689.82,692.17,685.91,688.55,115920966
9/30/2016,688.55,689.12,684.62,685.73,115737606
10/3/2016,687.68,688.42,681.99,683.05,121373564
10/4/2016,682.82,689.17,680.24,684.2,123103077
10/5/2016,686.41,689.5,685.48,687.04,116965594
10/6/2016,689.1,690.93,687.04,687.32,150660971
10/7/2016,689.51,690.19,680.26,683.95,140056120
10/10/2016,684.05,684.46,674.19,674.19,139489963
10/11/2016,677.63,682.36,669.2,682.36,148016135
10/12/2016,683.88,686.18,681.12,682.45,120752695
10/13/2016,680.73,685.23,678.79,685.23,125235595
10/17/2016,687.18,687.94,680.95,680.95,113706862
10/18/2016,680.44,682.99,678.13,682.02,132556946
10/19/2016,683.83,689.88,683.25,688.89,149347013
10/20/2016,690.45,690.86,685.63,686.39,121092926
10/21/2016,685.77,687.54,683.76,684.83,136021849
10/24/2016,683.14,684.51,677.89,678.02,125471958
10/25/2016,676.29,677.47,673.84,676.18,127870459
10/26/2016,676.18,676.18,670.8,673.61,102375848
10/27/2016,672.81,676.9,671.61,676.9,91029134
10/28/2016,676.74,682.25,675.85,682.25,117262452
10/31/2016,682.11,683.34,675.8,675.8,130146695
11/1/2016,675.13,676.6,672.33,676.6,118657708
11/2/2016,675.68,678.14,671.4,671.4,142390107
11/3/2016,668.66,668.66,661.86,667.63,0
11/4/2016,666.93,668.99,665.08,666.73,0
11/7/2016,667.12,674.36,666.61,674.14,0
11/8/2016,675.82,677.91,674.33,676.46,0
11/9/2016,675.57,675.57,656.68,670.26,0
11/10/2016,675.36,678.57,675.18,678.17,0
11/11/2016,678.38,679.56,676.73,679.2,0
11/14/2016,677.13,679.96,672.45,673.05,0
11/15/2016,673.75,675.73,671.55,674.26,0
11/16/2016,674.85,676.9,673.95,674.6,0
11/17/2016,674.5,676.48,673.13,674.57,0
11/18/2016,673.82,675.15,669.18,673.25,0
11/21/2016,673.2,675.04,671.65,674.29,0
11/22/2016,675.23,681.91,675.23,681.91,0
11/23/2016,681.17,684.12,679.81,683.16,0
11/24/2016,683.61,683.61,676.39,678.18,0
11/25/2016,678.47,678.87,671.48,675.87,0
11/28/2016,672.38,673.18,660.96,665.29,0
11/29/2016,665.11,667.79,658.26,658.26,0
11/30/2016,658.44,665.78,654.99,665.07,0
12/1/2016,670.75,670.81,666.54,666.54,0
12/2/2016,667.02,667.39,662.09,665.14,0
12/5/2016,663.06,663.87,658.11,660.21,0
12/6/2016,660.68,660.77,648.37,651.49,0
12/7/2016,648.63,654.13,647.33,653.53,0
12/8/2016,655.48,660.72,655.48,658.89,0
12/9/2016,659.46,664.46,659.46,663.07,0
12/12/2016,663.7,664.67,658.84,659.7,0
12/13/2016,662.27,663.54,654.34,654.66,0
12/14/2016,657.39,665.14,657.39,665.14,0
12/15/2016,668.07,668.07,664.08,665.92,0
12/16/2016,670.43,675.19,668.3,675.16,0
12/19/2016,673.98,679.9,673.88,674.33,0
12/20/2016,673.93,674.28,662.66,662.66,99998601
12/21/2016,662.36,667.06,657.4,666.94,0
12/22/2016,669.01,669.95,663.7,664.15,0
12/23/2016,663.75,664.37,659.18,664.37,0
12/26/2016,665.67,665.73,662.09,662.45,0
12/27/2016,662.66,665.5,661.41,663.86,0
12/28/2016,665.9,666.64,661.8,663.5,0
12/29/2016,666.43,666.43,663.95,664.72,0
12/30/2016,664.17,665.49,663.39,664.87,0
1/3/2017,665.92,672.34,665.43,672.01,0
1/4/2017,672.58,675.93,672.21,674.7,0
1/5/2017,674.82,675.92,673.31,675.81,0
1/6/2017,675.35,683.76,675.22,679.8,0
1/9/2017,681.74,684.88,681.74,682.57,0
1/10/2017,682.77,683.02,680.76,681.07,0
1/11/2017,680.85,687.16,680.85,687.16,0
1/12/2017,688.71,688.99,685.59,686.96,0
1/13/2017,686.58,688.62,685.06,685.06,0
1/16/2017,684.62,684.82,677.85,677.94,0
1/17/2017,678.83,684.73,678.83,684.71,0
1/18/2017,683.74,688.07,683.28,683.28,0
1/19/2017,683.02,684.19,680.8,682.31,0
1/20/2017,684.05,688.42,684.05,686.26,0
1/23/2017,687.83,689.47,686.46,687.15,0
1/24/2017,687.08,692.75,687.08,691.36,0
1/25/2017,693.07,697.28,691.19,697.28,0
2/2/2017,699.8,703.2,697.71,703.18,0
2/3/2017,704.69,708.1,700.09,700.35,0
2/6/2017,702.02,702.02,696.92,700.04,0
2/7/2017,699.99,703.3,698.99,701.91,0
2/8/2017,702.67,702.77,700.47,702.04,0
2/9/2017,700.93,702.64,700.21,700.65,0
2/10/2017,701.15,704.08,701.15,703.78,0
2/13/2017,704.61,706.47,703.58,705.9,0
2/14/2017,706.41,707.32,703.85,706.26,0
2/15/2017,706.84,711.73,706.84,711.57,0
2/16/2017,712.61,717.57,709.35,709.35,0
2/17/2017,709.52,710.21,705.84,707.83,0
2/20/2017,705.72,711.4,704.41,710.59,0
2/21/2017,711.49,718.06,711.49,716.55,0
2/22/2017,717.77,719.09,715.36,717.24,0
2/23/2017,717.49,719.58,712.36,716.87,0
2/24/2017,716.35,717.94,713.7,714.47,0
2/27/2017,711.7,718.37,711.7,717.44,0
2/28/2017,718.24,719.14,710.79,710.79,0
3/1/2017,710.7,712.49,705.79,709.52,0
3/2/2017,712.68,713.53,707.51,707.51,0
3/3/2017,708.23,712.62,705.83,712.62,0
3/6/2017,714.61,718.04,714.01,716.29,0
3/7/2017,716.46,716.95,714.27,716.54,0
3/8/2017,715.04,718.78,713.89,716.6,0
3/9/2017,715.86,718.23,714.96,715.8,0
3/10/2017,715.85,716.81,712.21,712.21,0
3/13/2017,711.93,712.63,707.63,710.17,0
3/14/2017,709.9,716.49,709.29,714.71,0
3/15/2017,715.63,716.49,713.14,713.14,139564828
3/16/2017,712.56,715.03,710.66,714.92,0
3/17/2017,715.82,717.1,710.54,710.54,0
3/20/2017,711.44,717.54,711.44,715.07,0
3/21/2017,717.03,718.8,714.78,716.18,0
3/22/2017,715.78,720.68,712.94,712.94,0
3/23/2017,712.61,719.56,712.61,719.56,0
3/24/2017,722.42,724.36,719.56,722.14,0
3/27/2017,723.23,725.57,721.41,723.52,0
3/28/2017,724.37,725,718.66,719.26,0
3/29/2017,719.08,721.92,718.37,720.47,0
3/30/2017,721.87,725.91,721.87,723.86,0
3/31/2017,725.97,726.67,722.31,722.31,0
4/3/2017,723.02,724.37,721.58,722.38,0
4/4/2017,723.7,724.67,722.79,724.14,0
4/5/2017,724.89,726.03,722.49,723.22,0
4/7/2017,721.85,727.95,720.28,727.95,0
4/10/2017,728.71,730.9,727.77,729.87,0
4/11/2017,730.15,732.24,730.15,731.33,0
4/12/2017,731.62,732.87,724.48,725.58,0
4/13/2017,725.54,727.34,723.88,724.35,0
4/14/2017,722.47,722.96,714.13,718.45,0
4/17/2017,718.93,721.78,710.83,710.83,0
4/18/2017,708.64,714.93,705.55,714.93,0
4/19/2017,714.87,716.77,714.02,716.77,0
4/20/2017,716.76,716.76,712.66,712.66,0
4/21/2017,712.77,715.08,711.08,712.41,0
4/24/2017,711.6,712.77,709.39,709.39,0
4/25/2017,709,709.81,706.04,707.58,0
4/26/2017,706.36,710.04,706.32,710.04,0
4/27/2017,711.74,716.53,711.38,716.53,0
4/28/2017,715.9,718.54,713.83,717.73,0
5/3/2017,718.7,719.54,716.66,719.54,0
5/4/2017,717.98,723.22,717.98,722.02,0
5/5/2017,720.39,721.65,719.86,720,0
5/8/2017,720.61,720.61,717.98,718.86,0
5/9/2017,717.55,722.11,716.95,722.11,0
5/10/2017,721.94,727.52,721.81,724.31,0
5/11/2017,724.84,726.82,723.39,724.99,0
5/12/2017,724.63,726.4,724.41,725.37,0
5/15/2017,725.25,726.19,723.18,725.35,240887477
5/16/2017,725.84,727.86,725.03,725.03,294207007
5/17/2017,724.01,728.01,722.81,727.2,0
5/18/2017,727.2,729,723.8,726.99,0
5/19/2017,727.61,733.82,726.79,733.82,0
5/22/2017,738.63,746.87,738.63,744.1,0
5/23/2017,744.32,746.18,740.28,740.93,0
5/24/2017,739.91,744.27,737.3,742.74,0
5/25/2017,744.24,746.48,740.89,741.91,0
5/26/2017,741.4,743.46,740.6,743.41,0
5/29/2017,746.08,748.06,745.31,746.25,252195473
5/30/2017,747.07,747.43,738.21,738.21,0
5/31/2017,738.91,741.93,735.39,737.82,0
6/1/2017,739.45,742.23,738.71,741.8,0
6/2/2017,741.48,742.11,736.09,738.81,0
6/5/2017,739.13,745.14,738.35,743.49,0
6/6/2017,743.99,751.31,743.99,751.31,0
6/7/2017,752.75,754.92,751.65,753.46,0
6/8/2017,751.7,751.96,748.91,750.13,0
6/9/2017,749.46,752.01,749.04,749.72,0
6/12/2017,751.33,753.41,749,751.09,0
6/13/2017,751.09,756.89,750.1,756.89,0
6/14/2017,758.26,761.7,756.82,760.77,0
6/15/2017,760.38,762.98,758.17,760.57,0
6/16/2017,761.75,762.43,759.98,761.24,0
6/19/2017,763.75,766.83,762.33,766.83,0
6/20/2017,767.59,768.29,764.42,767.99,0
6/21/2017,765.71,767.83,758.9,767.41,0
6/22/2017,768.41,769.99,766.3,766.3,0
6/23/2017,765.66,769.01,763.64,769.01,0
6/26/2017,770.5,773.14,769.73,772.52,0
6/27/2017,773.15,773.4,767.19,767.51,0
6/28/2017,766.82,769.04,762.78,769.04,0
6/29/2017,771.26,773.08,769.89,771.75,0
6/30/2017,773.46,776.5,773.46,776.47,166200365
7/3/2017,777.2,780.01,775.53,778.88,0
7/4/2017,779.15,779.15,772.9,775.54,0
7/5/2017,775.85,778.32,773.81,778.32,0
7/6/2017,780.5,782.77,779.99,782.65,0
7/7/2017,783.73,783.81,775.73,775.73,0
7/10/2017,775.85,775.85,764.43,766.56,0
7/11/2017,766.56,769.36,761.57,769.36,0
7/12/2017,772.6,775.08,769.83,774.17,0
7/13/2017,777.12,778.3,773.85,778.3,0
7/14/2017,779.72,780.65,776.88,777.6,0
7/17/2017,777.7,778.3,766.47,768.91,0
7/18/2017,766.88,770.37,762.68,767.49,0
7/19/2017,771.33,774.12,770.18,771.3,0
7/20/2017,768.56,768.56,763.55,768.41,0
7/21/2017,768.9,770.43,761.86,761.86,0
7/24/2017,759.97,761.64,753.82,759.74,0
7/25/2017,757.43,767.27,757.35,767.27,0
7/26/2017,769.35,773.88,764.92,773.88,0
7/27/2017,773.21,774.97,770.3,771.5,0
7/28/2017,771.21,777.09,770.82,777.09,0
8/1/2017,784.44,787.68,784.15,786.81,0
8/2/2017,783.45,788.97,779.81,786.23,0
8/3/2017,786.23,790.82,786.19,788.49,0
8/4/2017,789.46,790.12,786.09,788.68,202950213
8/7/2017,789.41,796.09,788.66,792.98,137191318
8/8/2017,795.8,796.62,789.84,791.57,213496640
8/9/2017,789.15,789.15,773.66,773.66,292795000
8/10/2017,769.58,776.77,769.58,773.43,190065850
8/11/2017,773.43,774.31,769.14,772.08,169866377
8/14/2017,770.65,776.42,770.65,776.17,0
8/15/2017,776.64,776.83,770.09,771.06,0
8/16/2017,771.1,773.57,766.8,773.57,0
8/17/2017,773.48,774.47,767.59,767.59,238285861
8/18/2017,762.82,770.79,762.46,768.97,0
8/21/2017,767.42,769.71,765.95,768.79,0
8/22/2017,768.2,768.44,760.3,761.26,0
8/23/2017,762.42,765.98,759.01,765.98,0
8/24/2017,766.48,771.65,764.64,769.77,0
8/25/2017,769.07,771.63,768.57,771.63,0
8/28/2017,771.81,777.26,770.51,777.26,0
8/29/2017,773.91,777.11,773.87,774.03,0
8/30/2017,774.31,778.65,773.85,778.65,0
8/31/2017,779.19,785.78,778.19,782.76,0
9/1/2017,784.42,789.19,784.18,788.73,0
9/5/2017,790.26,794.46,787.8,792.31,0
9/6/2017,792.16,793.82,788.89,793.55,0
9/7/2017,793.61,798.58,792.77,796.72,0
9/8/2017,797.98,802.9,797.82,801.2,0
9/11/2017,801.2,805.44,797.47,797.47,0
9/12/2017,795.53,801.01,794.88,799.94,0
9/13/2017,802.85,804.38,800.39,802.78,0
9/14/2017,803.34,807.29,803.23,806.32,0
9/15/2017,803.35,805.82,802.08,805.82,0
9/18/2017,808.51,809.39,805.37,807.87,0
9/19/2017,807.41,810.13,805.87,805.93,0
9/20/2017,806.88,807.51,803.33,805.86,0
9/21/2017,805.29,806.52,802.6,803.93,0
9/22/2017,805.15,808.16,803.94,807.13,0
9/25/2017,806.9,807.64,802.23,805.58,0
9/26/2017,806.4,806.84,801.66,805.35,171208475
9/27/2017,803.32,805.04,801.74,803.77,0
9/28/2017,803.1,810.35,803.1,804.82,0
9/29/2017,805.07,808.77,804.42,804.42,0
10/2/2017,805.29,807.61,801.7,802.23,0
10/3/2017,803.98,804.39,795.05,798,0
10/4/2017,797.39,805.66,797,805.66,0
10/5/2017,806.56,810.54,805.22,805.23,0
10/6/2017,805.7,808.13,803.81,807.8,0
10/9/2017,809.61,810.75,806.78,808.96,0
10/10/2017,808.43,810.65,806.3,810.65,0
10/11/2017,811.2,815.11,811.2,813.95,0
10/12/2017,814.43,818.44,813.72,815.87,0
10/13/2017,814.6,820.95,814.2,820.95,0
10/16/2017,821.54,823.85,819.43,819.43,0
10/17/2017,819.51,828.29,819.43,828.29,0
10/18/2017,829.43,831.15,826.72,827.72,0
10/19/2017,828.89,831.61,825.5,828.93,0
10/20/2017,827.93,833.57,826.84,826.84,0
10/23/2017,826.25,827.24,818.81,820.04,0
10/24/2017,818.08,825.24,814.92,825.24,0
10/25/2017,826.08,830.69,822.83,830.69,0
10/26/2017,829.94,834.67,823.92,830.11,0
10/27/2017,829.15,840.37,828.45,840.37,0
10/30/2017,842.92,849.3,842.92,845.2,0
10/31/2017,844.27,845.93,837.28,837.28,0
11/1/2017,838.75,842.88,838.01,842.71,0
11/2/2017,842.19,849.53,833.09,833.09,0
11/3/2017,833.16,843.73,831.58,843.73,0
11/6/2017,846.12,849.09,843.76,849.09,0
11/7/2017,850.2,854.6,847.88,850.33,0
11/8/2017,853.15,863.07,852.32,859.7,0
11/9/2017,862.38,864.2,858.16,860.4,0
11/10/2017,859.91,869.37,859.24,868.21,0
11/13/2017,871.7,879.34,871.7,879.34,0
11/14/2017,881.15,884.14,874.74,880.9,0
11/15/2017,877.65,884.83,876.6,882.59,0
11/16/2017,880.17,892.8,880.17,892.8,0
11/17/2017,893.99,898.11,886.86,890.69,0
11/20/2017,890.34,903.55,889.55,903.55,0
11/21/2017,907.51,929.89,907.51,918.3,0
11/22/2017,921.13,932.66,921.13,932.66,0
11/23/2017,938.31,943.15,927,933.7,0
11/24/2017,930.52,937.54,924.65,935.57,0
11/27/2017,933.38,947.06,931.29,938.61,0
11/28/2017,939.1,943.45,933.59,941.21,0
11/29/2017,943.46,952.14,940.4,952.14,0
11/30/2017,956.17,960.11,949.93,949.93,0
12/1/2017,952.76,960.33,952.76,960.33,0
12/4/2017,962.47,972.53,962.47,970.02,0
12/5/2017,972.28,974.8,953.3,953.3,265507567
12/6/2017,950.21,950.72,932.64,947.64,0
12/7/2017,950.23,954.24,932.68,938.65,0
12/8/2017,938.41,944.75,930.29,940.16,0
12/11/2017,930.17,936.93,917.45,917.45,0
12/12/2017,927.67,931.12,895.73,927.25,0
12/13/2017,932.05,932.48,922.97,924.4,0
12/14/2017,925.51,936.29,923.99,935.85,0
12/15/2017,933.63,939.57,932.96,935.16,0
12/18/2017,945.9,958.06,945.9,958.06,0
12/19/2017,961.03,963.01,951.25,951.42,228762452
12/20/2017,945.12,958.82,945.12,953.51,0
12/21/2017,949.45,957.56,946.06,946.06,0
12/22/2017,947.54,952.7,945.18,952.32,0
12/25/2017,954.28,958.57,952.41,958.31,0
12/26/2017,960.32,965.93,957.24,965.93,0
12/27/2017,969.72,972.6,965.18,968.46,0
12/28/2017,970.63,978.65,967.73,976.72,155748038
12/29/2017,978.39,990.1,976.33,984.24,0
1/2/2018,986.05,996.18,984.34,995.77,0
1/3/2018,999.86,1010.21,998.41,1005.67,0
1/4/2018,1009.37,1019.75,1009,1019.75,0
1/5/2018,1020.34,1020.6,1010.65,1012.65,0
1/8/2018,1011.36,1022.9,1004.89,1022.9,0
1/9/2018,1027.14,1033.56,1017.86,1033.56,0
1/10/2018,1034.64,1045.63,1033.01,1038.11,0
1/11/2018,1037.03,1049.73,1031.13,1048.17,0
1/12/2018,1050.17,1057.88,1046.38,1050.11,0
1/15/2018,1049.91,1063.47,1043.15,1063.47,0
1/16/2018,1059.36,1065.39,1052.43,1062.96,0
1/17/2018,1061.98,1064.77,1034.69,1034.69,0
1/18/2018,1028.76,1050.25,1020.01,1050.25,0
1/19/2018,1054.33,1067.21,1053.37,1062.07,0
1/22/2018,1066.86,1088.05,1066.61,1087.42,0
1/25/2018,1098.44,1117.08,1098.44,1104.57,0
1/26/2018,1119.78,1123.83,1103.06,1115.64,0
1/29/2018,1121.78,1130.1,1109.8,1109.8,0
1/30/2018,1099.98,1110.56,1092.44,1110.56,0
1/31/2018,1112.23,1128.1,1104.98,1110.36,0
2/1/2018,1111.74,1111.74,1090.25,1099.67,0
2/2/2018,1098.66,1105.04,1091.06,1105.04,0
2/5/2018,1089.62,1090.88,1048.71,1048.71,0
2/6/2018,1026.08,1026.08,983.06,1011.6,0
2/7/2018,1040.53,1048.54,1034.13,1040.55,0
2/8/2018,1031.46,1039.61,1023.25,1023.25,181460691
2/9/2018,991.09,1003.94,973.78,1003.94,0
2/12/2018,1011.64,1041.79,1011.64,1041.79,0
2/13/2018,1053.31,1060.48,1052.86,1059.73,0
2/21/2018,1073.33,1092.65,1070.43,1087.15,0
2/22/2018,1087.15,1091.62,1074.27,1076.03,0
2/23/2018,1086.81,1102.85,1081.31,1102.85,0
2/26/2018,1115.9,1127.57,1114.06,1114.53,0
2/27/2018,1124.03,1124.03,1106.77,1119.61,0
2/28/2018,1110.3,1129.89,1109.89,1121.54,0
3/1/2018,1121.54,1129.3,1110.92,1115.79,0
3/2/2018,1103.16,1121.91,1103.16,1121.21,0
3/5/2018,1129.92,1132.69,1093.48,1093.48,0
3/6/2018,1106.28,1120.29,1091.67,1120.29,0
3/7/2018,1121.99,1126.67,1103.29,1112.26,0
3/8/2018,1112.24,1126.35,1111.76,1124.15,0
3/9/2018,1128.73,1135.02,1119.18,1123.41,217755718
3/12/2018,1135.37,1135.48,1123.98,1126.29,244680977
3/13/2018,1126.53,1133.31,1120.03,1133.31,233199290
3/14/2018,1135.99,1142.88,1134.55,1138.09,250548656
3/15/2018,1134.51,1140.74,1129.66,1138.76,232401726
3/16/2018,1144.54,1152.52,1140.56,1150.19,308616186
3/19/2018,1158.16,1165.63,1155.82,1159.22,272048094
3/20/2018,1154.48,1166.33,1154.48,1159.39,214037518
3/21/2018,1166.51,1172.31,1163.91,1169.36,237674937
3/22/2018,1175.22,1180.44,1169.48,1172.36,233321598
3/23/2018,1154.25,1157.2,1138.53,1153.59,261957626
3/26/2018,1150.51,1176.95,1150.51,1171.22,211695248
3/27/2018,1187.42,1187.42,1169.58,1171.73,237762326
3/28/2018,1168.87,1179.18,1165.71,1172.24,208549520
3/29/2018,1174.73,1176.45,1164.12,1167.03,185250625
3/30/2018,1169.29,1175.36,1158.49,1174.46,204895133
4/2/2018,1180.26,1196.61,1179.73,1196.61,245627319
4/3/2018,1197,1199.93,1185.83,1188.29,255243305
4/4/2018,1194.26,1200.71,1189.46,1191.54,238685333
4/5/2018,1197.76,1199.15,1186.75,1193.17,241192333
4/6/2018,1194.15,1202.59,1194.15,1199.96,252058302
4/9/2018,1202.44,1207.45,1197.44,1204.33,251393568
4/10/2018,1207.62,1211.34,1192.22,1198.12,286724942
4/11/2018,1201.51,1202.46,1167.11,1167.11,286075860
4/12/2018,1162.48,1173.02,1153.64,1173.02,179985791
4/13/2018,1178.57,1181.52,1153.93,1157.14,195963318
4/16/2018,1156.54,1159.45,1141.81,1148.49,196991115
4/17/2018,1149.02,1156.7,1139.65,1153.28,175261220
4/18/2018,1153.28,1160.32,1138.42,1138.53,171399954
4/19/2018,1137.99,1136.91,1094.63,1094.63,204014038
4/20/2018,1095.84,1119.86,1078.01,1119.86,214649004
4/23/2018,1124.33,1127.24,1076.78,1076.78,217937099
4/24/2018,1064.86,1084.89,1048.68,1080.74,186605894
4/26/2018,1082.52,1082.52,1039.35,1044.86,208475892
4/27/2018,1037.36,1054.94,1032.06,1050.26,191597755
5/2/2018,1053.26,1053.52,1024.75,1029.08,183262221
5/7/2018,1034.64,1072.28,1057.24,1067.68,92108842
5/8/2018,1061.12,1072.28,1057.24,1060.45,170064099
5/9/2018,1058.33,1069.8,1051.79,1056.97,161331147
5/10/2018,1058.22,1059.34,1025.75,1028.87,204943891
5/11/2018,1026.34,1044.85,1014.3,1044.85,134822176
5/14/2018,1051.69,1066.98,1042.31,1066.98,137941040
5/15/2018,1072.25,1084.2,1071.02,1073.5,158346706
5/16/2018,1070.34,1072.46,1052.18,1054.62,150019141
5/17/2018,1055.21,1057.84,1030.64,1030.64,-1705532845
5/18/2018,1033.33,1040.84,1013.57,1040.54,408097839
5/21/2018,1043.82,1043.82,1014.98,1014.98,123063611
5/22/2018,1006.18,1015.97,976.73,985.91,180486321
5/23/2018,974.8,995.25,965.92,988.94,182157073
5/24/2018,992.24,995.82,974.14,985.92,129286940
5/25/2018,981.47,987.56,963.9,963.9,150253905
5/28/2018,938.86,951.34,927.6,931.75,218944506
5/29/2018,925.89,958.96,916,952.18,183986992
5/30/2018,953.41,953.41,932.26,948.5,146253087
5/31/2018,947.96,975.51,945.29,971.25,182043639
6/1/2018,973.67,995.06,973.56,992.87,204094226
6/4/2018,994.48,1011.17,992.01,1010.61,-188795865
6/5/2018,1013.59,1025.26,1011.59,1022.74,212463110
6/6/2018,1020.97,1034.5,1012.98,1034.5,162082726
6/7/2018,1038.93,1043.71,1030.79,1036.69,173150315
6/8/2018,1032.59,1039.07,1026.94,1039.01,148151481
6/11/2018,1033.55,1045.6,1029.19,1039.02,171467792
6/12/2018,1033.55,1026.6,1005.1,1020.76,212484046
6/13/2018,1017.93,1030.53,1017.93,1030.53,116055807
6/14/2018,1030.53,1033.46,1015.72,1015.72,166569362
6/15/2018,1012.71,1018.95,1006.75,1016.51,165427382
6/18/2018,1015.56,1018.98,986.88,987.34,181359161
6/19/2018,972.38,972.62,941.57,962.16,250987249
6/20/2018,957.37,980.95,955.61,980.95,154067059
6/21/2018,979.57,979.57,966.28,969.4,117050156
6/22/2018,963.89,983.57,959.91,983.17,132357403
6/25/2018,997.34,997.34,988.98,990.52,142086995
6/26/2018,977.78,983.78,970.75,983.02,165380268
6/27/2018,981.44,984.46,968.91,968.91,179449433
6/28/2018,964.76,976.12,954.46,957.35,146048192
6/29/2018,955.64,962.93,950.48,960.78,146408183
7/2/2018,955.18,951.03,932.66,947.15,168207344
7/3/2018,945.87,946.16,906.01,906.01,180699556
7/4/2018,904.34,914.99,890.83,914.99,128079017
7/5/2018,914.48,921.85,892.67,899.4,142997397
7/6/2018,891.16,921.75,884.99,917.51,158094954
7/9/2018,922.72,929.5,915.12,915.12,119905476
7/10/2018,919.44,921.96,911.12,911.12,118443781
7/11/2018,898.08,900.16,885.09,893.16,158653973
7/12/2018,891.21,905.72,884.75,898.51,112704327
7/13/2018,904.8,912.53,899.94,909.72,140415005
7/16/2018,914.22,917.63,905.27,911.11,136241742
7/17/2018,905.32,921.27,902.02,921.27,155854801
7/18/2018,926.14,942.39,926.14,942.39,223941028
7/19/2018,942.39,947.07,939.58,943.97,197040368
7/20/2018,938.83,941.94,930.26,933.39,204001387
7/23/2018,931.52,949.14,930.25,936.74,208558830
7/24/2018,933.22,939.07,926.3,934.08,203903372
7/25/2018,936.57,938.33,927.58,927.58,-297177663
7/26/2018,928.96,930.32,920.99,930.16,195441365
7/27/2018,931.9,937.23,928.82,935.52,179258485
7/30/2018,940.76,949.73,937.69,949.73,193339222
7/31/2018,948.56,959.07,947.32,956.39,242402537
8/1/2018,957.35,959.82,949.89,952.77,202122008
8/2/2018,952.75,953.55,942.39,953.55,212461313
8/3/2018,957.92,966.1,955.13,959.6,197527447
8/6/2018,960.12,962.99,955.42,960.23,229661927
8/7/2018,957.7,962.02,953.71,956.79,162135792
8/8/2018,958.31,966.27,958.31,966.27,155165106
8/9/2018,968.57,972.52,963.5,963.5,167641038
8/10/2018,962.03,968.47,955.04,968.47,185247020
8/13/2018,966.46,978.04,963.41,978.04,213219091
8/14/2018,979.66,981.42,974.47,978.27,177299762
8/15/2018,980.45,982,961.37,961.37,188943225
8/16/2018,952.83,964.28,947.09,964.28,174033240
8/17/2018,971.4,975.52,968.88,968.88,148199287
8/20/2018,970.81,973.57,966.46,969.62,180831844
8/21/2018,968.46,979.21,968.45,979.21,200574629
8/22/2018,979.21,986.36,979.21,982.15,204108481
8/23/2018,984.12,989.45,982.48,987.36,146850837
8/24/2018,985.49,989.21,982.88,987.05,180073708
8/27/2018,990.19,994.54,990.03,991.92,189504641
8/28/2018,991.92,995.29,989.81,995.19,176274381
8/29/2018,995.05,994.96,987.47,988.17,176892116
8/30/2018,987.62,998.07,983.43,998.07,186694516
8/31/2018,998.55,1003,989.54,989.54,186546921
9/4/2018,990.79,992.18,975.94,975.94,185941049
9/5/2018,975.05,978.78,964.8,968.44,181148689
9/6/2018,968.37,970.84,957.99,958.19,160383162
9/7/2018,955.5,969.34,956.04,968.9,169771133
9/10/2018,969.74,974.45,968.47,970.34,190671939
9/11/2018,968.41,985.06,967.92,985.06,192817318
9/12/2018,990,994.83,987.01,987.01,184153752
9/13/2018,987.48,992.96,984.92,987.95,172902357
9/14/2018,987.95,995.55,987.95,991.34,178483588
9/17/2018,990.65,993.63,987.02,987.61,164608814
9/18/2018,983.43,993.49,981.89,993.49,197384973
9/19/2018,998.65,1001.63,994.73,995.54,244416646
9/20/2018,995.54,1004.74,995.54,1004.74,204559620
9/21/2018,1006.25,1009.1,1000.39,1002.97,302451875
9/24/2018,1007.52,1011.29,1007.47,1011.29,186722637
9/25/2018,1011.94,1014.34,1008.95,1010.74,231984541
9/26/2018,1008.93,1014.73,1007.44,1009.61,261505904
9/27/2018,1012.57,1017.78,1010.49,1015.37,207780774
9/28/2018,1019.34,1020.57,1015.4,1017.13,247221780
10/1/2018,1019.49,1023.87,1012.88,1012.88,247860461
10/2/2018,1014.26,1021.51,1013.11,1018.79,358391102
10/3/2018,1021.08,1024.59,1016.53,1020.4,174390388
10/4/2018,1024.68,1024.68,1020.4,1023.62,196617595
10/5/2018,1020.21,1020.77,1008.39,1008.39,294150794
10/8/2018,1003.31,1006.12,996.12,996.12,205515915
10/9/2018,998.7,1001.87,996.19,996.19,202594067
10/10/2018,998.66,999.61,991.22,993.96,191361210
10/11/2018,972.21,972.21,938.83,945.89,353532430
10/12/2018,939.2,970.08,933.35,970.08,228890366
10/15/2018,968.8,968.74,951.64,951.64,144306008
10/16/2018,950.36,963.69,950.36,963.37,149132700
10/17/2018,973.14,975.27,969.06,971.6,152274133
10/18/2018,968.93,970.71,962.84,963.47,145459407
10/19/2018,949.94,959.63,945.88,958.36,153569789
10/22/2018,958.36,963.7,953.51,953.51,147531449
10/23/2018,950.12,950.12,925.38,939.68,202937215
10/24/2018,935.25,939.06,922.73,922.73,149346123
10/25/2018,902.59,912,886.32,910.17,177771440
10/29/2018,895.05,897.84,885.1,888.82,139992988
10/30/2018,881.32,894.8,880.85,888.69,133316348
10/31/2018,894.23,914.76,894.23,914.76,216192159
11/1/2018,915.52,918.84,906.17,907.96,182192551
11/2/2018,911.35,927.62,910.4,924.86,222362292
11/5/2018,920.87,925.53,915.84,925.53,136548016
11/6/2018,931,931.27,922.05,922.05,139120594
11/7/2018,922.03,924.37,915.41,922.16,143105471
11/8/2018,928.69,932.86,925.71,926.28,15505766
11/12/2018,909.36,918.99,903.95,918.12,125015804
11/13/2018,904.35,910.01,904.35,905.38,170033982
11/14/2018,904.16,910.34,898.83,900.93,142266472
11/15/2018,901.13,903.83,892.5,897.15,166086037
11/16/2018,901.44,903.01,894.14,898.19,160633421
11/19/2018,902.65,916.06,900.81,916.06,149937993
11/20/2018,909.76,919.02,909.76,919.02,159138294
11/21/2018,909.83,922.56,907.47,922.56,152759373
11/22/2018,924.93,926.03,922.02,924.42,155620677
11/23/2018,923.91,925.84,917.37,917.97,137964997
11/26/2018,915.67,921.96,914.51,921.03,118731800
11/27/2018,925.12,929.82,921.26,923.12,152638543
11/28/2018,923.12,930.2,922.26,930.2,136359851
11/29/2018,934.88,937.75,926.79,926.79,131818344
11/30/2018,924.49,928.92,921.12,926.54,158586729
12/3/2018,937.7,951.59,937.5,951.59,209832073
12/4/2018,952.97,960.44,950.89,958.84,227418617
12/5/2018,950.34,960.87,946.98,957.14,212455408
12/6/2018,954.61,959.59,948.66,954.82,179144300
12/7/2018,956.49,962.35,956.41,958.59,190455199
12/10/2018,955.06,958.25,951.54,955.89,213517557
12/11/2018,955.93,957.47,949.4,954.58,180822462
12/12/2018,956.32,961.28,956,961.28,222072730
12/13/2018,961.28,966.65,960.15,960.25,171855702
12/14/2018,958.78,960.06,951.19,952.04,200320722
12/17/2018,948.09,948.09,933.65,933.65,255174193
12/18/2018,933.65,933.65,917.09,927.25,175722290
12/19/2018,926.35,926.95,914.55,919.24,186090326
12/20/2018,915.5,921.6,914.31,918.24,146893742
12/21/2018,911.57,915.02,907.88,912.26,199105902
12/24/2018,910.86,916.41,908.56,908.56,158974130
12/25/2018,893.71,897.94,882.17,897.94,250432023
12/26/2018,896.63,899.4,890.86,891.75,139066122
12/27/2018,904.8,906.56,900.81,900.81,151685339
12/28/2018,903.79,903.74,892.54,892.54,175944065
1/2/2019,900.1,899.87,891.1,891.75,111518574
1/3/2019,889.78,892.16,872.22,878.22,156575331
1/4/2019,872.69,881.48,861.85,880.9,136566941
1/7/2019,890.47,896.63,885.3,889.64,127549277
1/8/2019,891.37,891.87,883.72,887.44,112829182
1/9/2019,890.26,897.25,888.61,896.99,160507514
1/10/2019,897.85,899.33,896.03,898.3,130589063
1/11/2019,899.1,904.37,899.1,902.71,131413383
1/14/2019,903.83,902.84,897.49,901.8,143845246
1/15/2019,901.21,909.68,899.2,909.68,127190636
1/16/2019,911.32,912.01,906.39,908.7,164291064
1/17/2019,908.48,909.06,901.89,901.89,133889431
1/18/2019,902.7,906.31,900.64,902.3,140748451
1/21/2019,905.25,911.74,903.39,911.05,165626811
1/22/2019,912.73,913.26,906.55,906.55,152163629
1/23/2019,905.73,909.91,905.34,908.18,129143298
1/24/2019,908.56,910.05,906.66,908.79,110294392
1/25/2019,908.86,911.46,907.96,908.88,117585191
1/28/2019,912.53,913.24,909.19,912.18,133321405
1/29/2019,913.67,915.93,907.2,915.93,121444328
1/30/2019,914.08,917.8,913.48,915.84,139395507
1/31/2019,919.12,920.28,910.38,910.65,138049636
2/1/2019,911.98,912.81,907.57,908.67,140799414
2/12/2019,930.37,938.38,927.64,937.54,188420444
2/13/2019,937.61,945.25,937.34,945.25,215274633
2/14/2019,946.54,953.57,946.03,952.34,181055902
2/15/2019,951.9,955.34,948.41,950.89,160688831
2/18/2019,954.85,961.3,953.43,961.3,194653249
2/19/2019,962.84,971.89,964.19,964.35,231962870
2/20/2019,963.29,972.65,963.29,970.58,170875213
2/21/2019,972.82,987.57,970.31,987.57,178583705
2/22/2019,983.99,993.16,983.22,988.91,215630492
2/25/2019,996.06,999.9,992.82,994.43,227742907
2/26/2019,991.63,996.34,979.46,987.06,251652413
2/27/2019,989.61,994.46,988.13,990.27,258926565
2/28/2019,989.84,990.21,965.47,965.47,224812348
3/1/2019,971.05,980.82,970.54,979.63,170041464
3/4/2019,983.5,0,0,993.99,-207759593
3/5/2019,990.08,1000.24,988.16,992.45,297444471
3/6/2019,993.01,994.49,986.13,994.49,250924541
3/7/2019,995.65,1004.19,994.03,994.03,210694974
3/11/2019,982.94,987.11,981.46,984.6,178656512
3/12/2019,991.14,1001.32,990.46,1001.32,208193816
3/13/2019,1003.75,1009.53,1003.78,1005.41,229381210
3/14/2019,1006.37,1011.39,1002.33,1008.44,224543056
3/15/2019,1008.44,1008.44,1001.14,1004.12,250277088
3/18/2019,1007.92,1013.08,1007.92,1011.86,230552506
3/19/2019,1013.75,1014.13,1004.44,1006.59,236585464
3/20/2019,1002.86,1003.25,992.55,1002.3,300086542
3/21/2019,1005.12,1006.37,981.78,981.78,200032149
3/22/2019,984.9,990.07,981.57,988.71,206928848
3/25/2019,976.53,973.84,965.06,970.07,245780643
3/26/2019,970.07,978.99,966.9,969.79,175420353
3/27/2019,976.67,979.32,972.56,975.91,159937977
3/28/2019,973.44,983.12,972.9,982.98,217066587
3/29/2019,985.35,988.13,980.76,980.76,173909362
4/1/2019,980.76,988.53,982.85,988.53,188617709
4/2/2019,994.87,996.23,985.81,985.81,236019331
4/3/2019,984.74,985.25,980.3,984.46,216942376
4/4/2019,987.47,988.96,983.12,986.91,165304651
4/5/2019,986.91,990.15,986.41,989.26,189284916
4/8/2019,989.26,997.56,989.33,997.56,163686969
4/9/2019,999.89,999.89,988.37,988.48,165183690
4/10/2019,984.79,987.19,976.85,981.91,159912943
4/11/2019,984.46,985.95,981.06,985.95,129478607
4/12/2019,984.66,984.69,980.43,982.9,153833982
4/16/2019,970.87,978.39,963.46,977.17,150022285
4/17/2019,977.17,980.59,972.1,972.1,186723702
4/18/2019,969.5,973.73,962.3,962.3,160385083
4/19/2019,968.27,971.73,965.68,966.21,106976093
4/22/2019,963.78,966.64,959.43,965.86,216344286
4/23/2019,964.84,970.79,964.38,968,154887616
4/24/2019,969.66,978.71,969.66,976.92,134071764
4/25/2019,976.46,976.46,971.92,974.13,149114784
4/26/2019,972.86,979.64,970.73,979.64,118539754
5/2/2019,978.81,979.76,975.94,978.5,152161692
5/3/2019,976.77,977.09,972.06,974.14,148565859
5/6/2019,964.37,964.89,955.57,957.97,155652352
5/7/2019,961.31,965.56,956.26,957.56,145340252
5/8/2019,950.1,953.51,947.86,951.22,143297841
5/9/2019,950.66,953.45,944.91,947.01,181397532
5/10/2019,950.37,953.92,947.88,952.55,131033332
5/13/2019,952.11,958.54,951.9,958.54,232040196
5/15/2019,967.95,977.52,968.86,975.64,188852552
5/16/2019,976.96,980.99,975.69,975.69,170217007
5/17/2019,977.85,980.04,975.06,976.48,135086288
5/20/2019,975.95,987.13,974.57,987.13,153160381
5/21/2019,989.67,992.84,986.15,986.29,206555753
5/22/2019,986.66,992.26,982.68,983.78,174957249
5/23/2019,982,984.57,977.17,982.71,160088537
5/24/2019,976.59,982.88,970.03,970.03,168342667
5/27/2019,970.73,975.33,970.41,975.14,138466161
5/28/2019,977.02,978.8,969.73,972,148990818
5/29/2019,973.31,974.96,969.69,971.54,145310081
5/30/2019,971.01,974.56,967.21,969.34,159992984
5/31/2019,968.53,969.14,959.88,959.88,136533300
6/3/2019,953.58,955.52,940.28,946.47,184656555
6/4/2019,945.62,951.16,943.29,951.16,162399806
6/5/2019,955.8,958.24,951.41,951.41,131580929
6/6/2019,951.41,951.28,939.35,948.21,125898646
6/7/2019,951.64,958.28,950.94,958.28,148035457
6/10/2019,963.78,966.87,959.36,962.9,154897649
6/11/2019,962.43,964.81,960.21,962.07,136379184
6/12/2019,960.6,960.55,953.83,954.17,138109792
6/13/2019,951.26,951.95,946.29,950.08,142809278
6/14/2019,948.65,954.65,948.65,953.61,155879414
6/17/2019,953.97,954.95,945.05,946.95,174370028
6/18/2019,945.73,947.3,939.21,944.01,166941576
6/19/2019,948.92,949.81,947.26,949.69,147358054
6/20/2019,949.48,962.09,949.03,959.18,185490163
6/21/2019,962.69,964.52,959.12,959.2,206137401
6/25/2019,961.19,963.19,960.06,960.13,164347956
6/26/2019,960.13,962.7,958.49,959.13,252317209
6/27/2019,959.48,959.48,943.11,943.11,159030321
6/28/2019,944.53,949.94,940.16,949.94,182625355
7/1/2019,958.92,965.61,958.81,965.61,166445420
7/2/2019,964.77,966.71,959.8,961.98,138217098
7/3/2019,960.44,961.34,956.94,960.39,136594431
7/4/2019,961.78,973.04,961.78,973.04,189897829
7/5/2019,973.04,975.34,970.16,975.34,137917326
7/8/2019,972.83,972.27,963.94,966.35,165879438
7/9/2019,965.24,969.05,963.46,969.05,169482118
7/11/2019,976.95,979.78,975.03,978.63,161663227
7/12/2019,980.11,981.53,974.32,975.4,157305753
7/15/2019,975.57,975.57,971.31,972.53,150551123
7/16/2019,975.05,982.11,975.05,982.11,174668213
7/17/2019,981.49,985.59,979.05,982.57,170018762
7/18/2019,979.16,979.49,975.01,976.05,139846186
7/19/2019,978.12,986.12,978.15,982.34,170265297
7/22/2019,981.17,985.13,980.14,982.04,164371830
7/23/2019,981.38,990.39,980.27,989.46,184831147
7/24/2019,993.01,994.85,986.38,988.41,169642412
7/25/2019,986.85,997.49,987.02,994.95,171789317
7/26/2019,994.8,998.52,993.01,993.35,152405215
7/29/2019,994.23,997.94,988.29,997.94,147824940
7/30/2019,1001.46,1002.77,986.02,986.02,154322082
7/31/2019,986,993.4,982.64,991.66,-4890712853
8/1/2019,993.25,997.39,991.16,997.39,222655794
8/2/2019,987.55,991.39,985.69,991.1,186787994
8/5/2019,988.6,988.99,973.15,973.15,195934349
8/6/2019,960.29,965.57,958.5,964.61,210927032
8/7/2019,967.18,971.96,961.64,965.93,219152689
8/8/2019,965.93,975.83,964.45,975.24,219237176
8/9/2019,976.41,978.69,974.34,974.34,192308389
8/12/2019,975.38,977.63,973.24,975.31,174552398
8/13/2019,972.7,972.94,964.12,966.83,181502531
8/14/2019,975.88,975.99,968.91,968.91,151487620
8/15/2019,958.05,979.38,955.76,979.38,182910290
8/16/2019,974.88,985.61,975.27,980,198006180
8/19/2019,984.04,985.35,979.17,981.03,158090188
8/21/2019,984.36,995.44,983.3,994.38,201557493
8/22/2019,996.41,998.67,993.3,997.26,152998950
8/23/2019,998.21,997.83,990.86,992.45,162568195
8/26/2019,983.8,984.51,977,982.88,189790404
8/27/2019,986.33,988.49,976.79,976.79,199812049
8/28/2019,977.1,981.35,977.1,977.26,147213987
8/29/2019,978.17,978.6,973.34,978.59,138392454
8/30/2019,980.25,984.87,980.25,984.06,143163513
9/3/2019,984.79,985.21,978.62,979.36,186474608
9/4/2019,977.97,979.8,973.38,977.63,157392889
9/5/2019,979.83,981.67,976.79,976.79,159540011
9/6/2019,977.83,978.61,973.87,974.08,161159116
9/9/2019,974.53,974.92,972.52,974.12,155334471
9/10/2019,974.62,977.38,968.36,970.26,161444710
9/11/2019,969.59,973.13,967.36,969.31,154513898
9/12/2019,972.39,976.07,972.45,976.07,141321199
9/13/2019,976.07,987.22,975.95,987.22,189231330
9/16/2019,987.07,992.6,987.07,989.86,187151712
9/17/2019,990.06,996.74,987.12,996.74,231436058
9/18/2019,995.75,998.4,994.15,995.15,191036390
9/19/2019,995.49,997.2,990.65,997.1,186921508
9/20/2019,997.6,998.51,990.36,990.36,203600240
9/23/2019,991.75,993.98,985.75,985.75,207504798
9/24/2019,986.33,991.36,984.97,988.13,165040016
9/25/2019,985.96,989.13,983.12,987.3,171566161
9/26/2019,988.7,991.59,986.36,990.75,152560016
9/27/2019,992.26,998.34,991.67,997.84,180737057
9/30/2019,999.92,1004.14,996.51,996.56,176215055
10/2/2019,999.18,1000.71,990.03,991.19,178783975
10/3/2019,985.65,992.45,983.35,992.45,193597117
10/4/2019,993.69,994.74,987.59,987.59,205009000
10/7/2019,989.45,990.34,983.09,983.09,181618007
10/8/2019,983.62,988.51,981.89,988.22,178375371
10/9/2019,987.82,992,986.92,987.83,182539423
10/10/2019,988.81,990.77,986.96,987.38,182977754
10/11/2019,988.57,991.84,987.77,991.84,168611835
10/14/2019,994.61,997.25,992.5,993.57,193975692
